Date,Open,High,Low,Close,Volume ETH,Volume USDT,tradecount
2017-08-20,301.13,312.18,278.0,299.1,21224.89324,6376472.2941320995,14013
2017-08-27,299.1,348.13,144.21,348.13,45233.88589,14567413.9774931,42362
2017-09-03,348.11,394.39,320.08,341.77,33886.41427,12290734.0894182,35671
2017-09-10,339.29,344.55,235.55,293.5,35485.23332,10710999.6628445,33803
2017-09-17,293.51,316.46,192.0,257.55,58259.63439,14998281.4008156,44796
2017-09-24,257.53,306.22,252.1,282.0,18833.39464,5292294.1590878,23585
2017-10-01,282.0,313.0,274.0,303.95,42726.28598,12635978.1520511,65402
2017-10-08,303.94,318.5,283.18,311.07,25352.7189,7569786.4741921,46739
2017-10-15,311.13,353.96,286.65,337.96,58855.77319,18828903.7321769,49530
2017-10-22,337.5,354.0,284.68,293.79,62901.0251,19532458.8041082,48976
2017-10-29,293.78,310.0,272.2,305.0,62381.73012,18428149.0513303,46338
2017-11-05,305.0,316.0,274.73,295.53,62514.42916,18567418.2764419,65325
2017-11-12,295.19,329.0,281.01,305.24,91617.71857,27756083.135704,70856
2017-11-19,304.0,373.56,303.7,354.15,114805.04703,38056342.9060487,73053
2017-11-26,355.15,484.47,350.02,462.84,161563.3564,65799137.7800395,92375
2017-12-03,462.84,515.0,385.0,460.3,227584.5006,102998151.1805946,135117
2017-12-10,460.3,488.0,375.01,427.35,246454.47236,107834672.472558,204388
2017-12-17,427.35,747.6,427.35,707.64,305806.30832999997,191846858.821031,302030
2017-12-24,707.62,864.9,504.99,658.0,594909.64588,417083308.5080552,514657
2017-12-31,659.4,766.05,599.99,733.98,479152.58214,340620171.9613985,636926
2018-01-07,733.01,1125.0,716.8,1123.09,593710.08794,548775395.9481493,774639
2018-01-14,1123.09,1440.0,910.0,1347.0,900313.8420599999,1105250963.3796098,1085201
2018-01-21,1347.99,1383.13,755.0,1049.0,1610343.15922,1636484673.085153,1579403
2018-01-28,1049.0,1277.0,908.0,1251.96,984564.6015,1033542684.7170985,1183236
2018-02-04,1251.96,1258.89,783.67,823.56,1288157.7921,1291807049.1362147,2035734
2018-02-11,821.6,911.2,570.1,808.99,1880969.80396,1417347163.9502704,2376930
2018-02-18,808.58,978.5,807.46,911.0,945634.50225,855338972.3016961,1900664
2018-02-25,911.0,961.0,785.99,841.19,817168.83052,705772348.5324789,1602654
2018-03-04,841.46,897.49,833.0,866.66,339146.17952,293933097.9777608,647758
2018-03-11,866.61,871.75,640.0,720.85,518077.34039,381896298.8018826,814448
2018-03-18,721.0,740.5,450.0,537.0,689358.91685,404661476.4777548,940610
2018-03-25,537.39,590.52,506.71,523.74,814381.08669,440528658.1518349,912398
2018-04-01,523.95,527.67,356.9,378.58,1215092.80189,506585038.7112212,1036957
2018-04-08,378.58,419.08,362.54,400.4,715369.80224,276796640.0285947,646777
2018-04-15,400.4,535.0,387.1,533.88,1051295.44518,489259243.7697406,874243
2018-04-22,533.88,643.49,497.31,620.92,852000.58094,479005266.0817316,798979
2018-04-29,620.67,712.99,593.83,690.85,1104058.97603,725688589.0854167,1075376
2018-05-06,690.85,839.99,627.58,794.3,1036650.04606,770315733.6591272,975224
2018-05-13,794.3,799.14,633.2,729.08,1153492.95325,828769721.5971868,1031743
2018-05-20,729.08,743.9,656.0,716.16,817659.25411,575274321.3504186,806223
2018-05-27,716.16,720.46,550.0,570.4,948926.78252,581935378.5469328,845752
2018-06-03,570.81,628.81,506.11,619.66,812736.78468,458417584.94601953,697323
2018-06-10,619.66,625.47,501.13,524.11,594206.95569,346484123.2716781,540773
2018-06-17,524.64,538.88,449.06,497.14,1100916.41379,550405632.9430166,840770
2018-06-24,497.15,548.2,419.53,454.41,1001118.9147,493785860.9797782,832065
2018-07-01,454.29,474.47,404.48,452.1,846302.28807,372743985.5987092,671183
2018-07-08,452.14,495.98,444.16,486.77,925993.61335,436169462.3787256,744308
2018-07-15,486.55,488.98,416.94,449.78,1017062.08356,449644140.9315955,677697
2018-07-22,449.79,515.47,440.0,457.47,1091022.57425,518572912.6481933,800106
2018-07-29,457.47,485.77,447.11,466.4,1103214.93743,517184670.5408435,695134
2018-08-05,466.4,469.79,396.61,408.79,1322055.51631,559830059.5449172,750897
2018-08-12,408.77,413.28,304.45,317.89,1628951.45513,582744851.8432515,940113
2018-08-19,317.96,321.99,250.0,299.42,2482234.79159,720057266.2090764,1136036
2018-08-26,299.3,304.04,259.5,274.29,1882848.41639,524223472.0923997,887972
2018-09-02,274.17,302.0,271.59,295.41,2011520.42595,575277328.9005522,931502
2018-09-09,295.51,296.62,185.02,195.81,2833081.76826,674959160.9312342,1122752
2018-09-16,196.13,227.42,167.32,220.17,3839317.7231,774117806.0103307,1189784
2018-09-23,220.24,255.13,192.4,244.5,3979103.65229,871458586.3623357,1164773
2018-09-30,244.54,246.2,203.61,232.94,3911449.6000800002,872444376.1993046,1305142
2018-10-07,233.04,235.88,216.51,226.14,1470674.08032,332654634.2027507,566181
2018-10-14,226.26,232.7,189.01,197.01,1365460.76116,286099511.2951417,537913
2018-10-21,196.84,239.0,194.6,207.49,1824150.84173,390740751.7000022,704379
2018-10-28,207.46,209.3,202.14,204.99,679114.68995,139799913.4515684,347819
2018-11-04,204.99,218.76,193.01,212.11,754496.10693,151897385.41758,470055
2018-11-11,212.13,224.8,207.62,212.54,1153858.40192,247636420.6008973,596324
2018-11-18,212.6,214.22,170.99,178.97,1629773.99539,303817752.3309318,785654
2018-11-25,179.04,179.33,102.95,118.67,4458881.10776,590132643.6669964,1530513
2018-12-02,118.65,126.8,102.36,116.57,3283242.23006,378634167.0218039,1158502
2018-12-09,116.63,116.96,82.07,93.26,3788787.23257,364441878.5071628,1222210
2018-12-16,93.26,95.21,81.79,84.67,2141950.36794,187819826.9302828,669317
2018-12-23,84.68,131.94,84.4,129.03,4697375.84257,508734690.7417112,1564550
2018-12-30,129.03,157.67,111.22,137.77,6548154.0068,862540626.3254281,2016204
2019-01-06,137.81,159.26,128.7,153.86,4742285.9092,699545330.7684411,1403032
2019-01-13,153.89,155.48,111.87,114.16,3305739.76924,443556468.316981,1200352
2019-01-20,114.17,130.05,113.94,117.47,3167206.1506,384810167.8108432,1139034
2019-01-27,117.56,119.49,111.04,112.05,1701869.00225,197169037.9272317,699130
2019-02-03,112.04,112.87,100.91,107.36,2164892.69065,230631772.1200548,760140
2019-02-10,107.33,126.49,101.21,125.12,2109564.37374,236983198.2524771,758915
2019-02-17,125.12,135.61,118.18,133.75,2433609.46437,300684002.3543269,815284
2019-02-24,133.77,166.0,131.7,132.1,5104408.79455,747195148.1358471,1525833
2019-03-03,132.1,141.55,126.84,130.6,3202711.78874,434824270.6573003,1035061
2019-03-10,130.6,140.29,122.6,135.37,2466852.26445,330524967.7620544,862246
2019-03-17,135.37,144.47,128.52,138.67,1950556.34149,264895348.8075588,704359
2019-03-24,138.67,142.01,131.21,136.09,1595031.95453,218861140.0822225,610095
2019-03-31,136.12,145.89,131.6,141.38,1527493.50939,211364306.5767835,635098
2019-04-07,141.41,177.81,139.57,174.21,4682350.74461,756592690.4737203,1546541
2019-04-14,174.29,185.87,158.11,167.23,3173198.2282,547094031.7689106,1098310
2019-04-21,167.21,176.97,155.7,168.59,2073468.55135,348882879.9632147,704078
2019-04-28,168.59,175.83,150.35,157.85,2351796.62105,382952310.1713993,841899
2019-05-05,157.86,171.3,152.0,163.05,1936000.05256,313367394.1315359,724853
2019-05-12,163.05,205.23,157.55,188.11,3954308.18256,712618239.871215,1196636
2019-05-19,188.07,279.76,185.32,259.51,6868504.39636,1632546820.9548101,2207749
2019-05-26,259.37,269.4,231.1,264.45,3669883.90618,915639963.8687046,1340223
2019-06-02,264.35,288.62,240.14,268.88,3853966.15643,1031262654.3105618,1545248
2019-06-09,268.87,270.0,226.56,230.98,2523474.68248,621101382.0545628,1189818
2019-06-16,231.02,277.06,227.03,267.73,2252582.27731,576694987.5710715,1155436
2019-06-23,267.73,321.7,261.45,308.52,2733197.44329,788738019.151699,1431531
2019-06-30,308.42,366.8,280.01,292.7,4167486.86453,1315082561.524409,2056280
2019-07-07,292.89,309.69,272.65,304.72,2328170.87156,677135328.7127569,1281738
2019-07-14,304.72,318.19,222.81,225.85,2570474.77861,716173162.6753293,1403179
2019-07-21,225.83,235.58,191.84,225.38,3702593.97392,803120907.893712,1694143
2019-07-28,225.49,228.34,198.24,211.62,1918512.39614,411017422.5696669,1127348
2019-08-04,211.58,224.51,204.4,221.79,1367725.8281,294191202.2765571,826921
2019-08-11,221.79,239.15,202.6,216.42,1838376.65357,407243671.2924937,1034153
2019-08-18,216.41,216.81,178.04,194.33,1449205.64889,279934302.7179486,833172
2019-08-25,194.32,203.59,179.53,186.54,1489606.75608,285693299.7635694,871881
2019-09-01,186.54,193.7,163.61,170.74,1666774.59952,292976902.3232442,824445
2019-09-08,170.73,184.18,165.0,181.19,2001202.34115,352220020.4897749,952998
2019-09-15,181.18,190.45,173.0,189.03,1826939.04547,331666686.3134642,819273
2019-09-22,189.05,223.94,188.3,211.2,3951341.9735,826063647.3491408,1140799
2019-09-29,211.2,211.68,150.03,169.24,5097163.08635,885812141.1129591,1438506
2019-10-06,169.26,185.53,165.01,170.1,2820458.56172,494672188.9046384,836278
2019-10-13,170.08,196.65,168.68,180.99,3056149.34901,562805549.0008417,1045833
2019-10-20,180.98,188.37,168.66,175.22,2247422.26846,397460601.1657381,956839
2019-10-27,175.18,197.74,153.45,183.75,4501297.56849,787659412.6918591,1553133
2019-11-03,183.84,192.74,177.02,181.54,2804889.93094,515453013.3603937,1171611
2019-11-10,181.53,195.09,180.36,188.96,2195989.60819,410411681.0360403,1058610
2019-11-17,188.96,190.19,177.67,183.82,1734302.4578,319948792.7311554,796681
2019-11-24,183.82,184.06,138.0,139.96,2959667.29355,472737596.96737117,1203459
2019-12-01,139.99,157.6,131.45,150.73,2885963.25712,426306438.4345416,1039710
2019-12-08,150.72,151.98,143.15,150.44,1730120.46013,255402948.4390666,696591
2019-12-15,150.44,151.19,139.24,142.46,1304567.68741,189016674.1268192,591881
2019-12-22,142.46,142.72,116.26,132.09,2942146.25781,377078924.9096878,986340
2019-12-29,132.12,138.07,121.91,134.36,1875482.03334,241347519.5304735,730036
2020-01-05,134.36,138.19,125.88,135.37,1795260.59717,237128474.87769932,741363
2020-01-12,135.37,148.05,134.86,146.54,2799620.12572,396698400.1552834,1165106
2020-01-19,146.56,179.5,142.27,166.79,4574976.7459,751647663.202645,1572723
2020-01-26,166.79,171.47,155.55,167.86,2213273.18068,363198924.9266879,875860
2020-02-02,167.91,193.43,165.22,188.44,2832021.07663,505650270.3723618,1174753
2020-02-09,188.48,230.65,184.69,228.49,3470997.2654399998,724859683.3634788,1581980
2020-02-16,228.53,288.41,216.37,258.85,5939621.23312,1531193362.1799343,2394220
2020-02-23,258.89,285.88,242.0,274.48,5188469.50121,1365458324.5497406,2050507
2020-03-01,274.5,277.2,210.0,217.81,6457932.90023,1511709841.3658957,2235415
2020-03-08,217.81,251.93,195.5,199.43,5137680.00487,1169342351.3560936,1791263
2020-03-15,199.43,208.62,86.0,123.78,14789815.70106,2178346698.8139024,4031990
2020-03-22,123.82,152.55,101.1,122.32,11531693.74471,1434584795.7228136,3322771
2020-03-29,122.31,143.36,119.5,124.5,6613460.31407,880904806.5702285,2046998
2020-04-05,124.47,149.76,124.06,142.68,4918442.82175,677699035.8493747,1481215
2020-04-12,142.69,176.22,142.6,158.59,7843255.9423,1283987017.9383104,2094660
2020-04-19,158.56,189.54,148.33,180.03,6963042.65527,1167514838.3714106,1758664
2020-04-26,180.02,200.0,166.7,197.38,7306676.73642,1338645236.8195424,1900174
2020-05-03,197.39,227.3,189.29,209.86,6890363.53637,1434072815.1823306,2170583
2020-05-10,209.86,216.61,179.59,187.54,6902379.6352699995,1404313044.4435835,2129976
2020-05-17,187.62,209.85,176.0,207.0,5967260.43774,1170109877.664287,1580858
2020-05-24,207.02,217.07,191.71,199.9,5331065.62027,1109137788.7174232,1462064
2020-05-31,199.9,247.0,196.9,231.57,4530088.58138,996101709.6267658,1606160
2020-06-07,231.56,253.8,225.0,244.56,4414708.13506,1065341025.9402221,1734456
2020-06-14,244.57,250.28,226.2,231.77,3056442.5613,733323470.8889253,1318565
2020-06-21,231.74,237.3,218.27,228.04,3144051.5027,722650570.9703672,1231428
2020-06-28,228.03,249.24,216.0,224.93,4445766.32605,1039118340.1225133,1455509
2020-07-05,224.89,232.71,221.26,227.56,3100841.13838,703327753.8520758,1139501
2020-07-12,227.54,248.88,226.93,242.79,4289886.14639,1029302199.5622059,1558056
2020-07-19,242.76,245.33,230.02,239.11,3001686.69182,711664203.9761308,1220336
2020-07-26,239.12,318.75,234.05,311.0,6076641.38733,1674220270.045439,2329922
2020-08-02,311.02,415.85,305.86,372.42,9244824.67952,3185192229.391866,3883687
2020-08-09,372.45,407.0,362.85,390.14,6576993.39017,2566700752.564365,2972625
2020-08-16,390.14,444.71,365.85,433.62,6590597.87305,2678316928.655504,3064625
2020-08-23,433.61,446.0,379.92,390.71,5203572.95772,2136501046.9231591,2538564
2020-08-30,390.72,429.89,370.0,428.94,5591687.53907,2205635395.916673,2470329
2020-09-06,428.94,488.84,308.42,352.8,13682780.96188,5457886003.97784,5620101
2020-09-13,352.85,390.43,323.0,366.42,7754669.03464,2758634029.6068487,3273394
2020-09-20,366.43,394.14,355.0,371.04,6092193.56225,2288439990.6519055,2588166
2020-09-27,371.04,376.8,313.29,357.49,6100378.29173,2102309601.503232,2212725
2020-10-04,357.58,370.45,334.24,352.37,3981294.62941,1407537844.1709194,1500083
2020-10-11,352.34,378.4,332.18,374.16,3805329.06825,1348434327.4371617,1461232
2020-10-18,374.17,394.8,361.18,378.11,3956236.57263,1488333713.0616896,1506652
2020-10-25,378.12,420.73,365.27,405.86,5074779.73349,2010798677.869531,1993119
2020-11-01,405.85,411.11,373.29,396.67,4755916.0447700005,1863869786.7262459,1902652
2020-11-08,396.68,468.28,370.23,454.3,8341893.09966,3502153238.308151,3172370
2020-11-15,454.29,478.01,433.09,448.08,6539780.57886,2993099735.1554837,2915961
2020-11-22,448.07,580.88,445.45,560.03,9174279.77279,4595159841.343019,3861116
2020-11-29,560.03,623.0,481.0,576.3,10429209.47146,5803313677.301597,5139669
2020-12-06,576.32,635.7,560.0,601.54,8027609.54695,4791088231.23418,4164747
2020-12-13,601.59,603.15,530.43,590.7,4909009.26296,2777420915.5950646,2763601
2020-12-20,590.81,676.25,575.6,638.18,6936775.7109,4398464689.991926,3787771
2020-12-27,638.1,717.13,551.28,685.11,7465028.15327,4685316820.497877,4401647
2021-01-03,685.1,1011.07,681.04,978.28,9447316.9862,7400088411.248161,6041708
2021-01-10,978.33,1348.33,890.0,1254.25,16846289.4178,19133523177.289146,11730126
2021-01-17,1254.24,1298.0,915.0,1232.45,14328078.05481,16108359623.40548,10347007
2021-01-24,1232.5,1438.3,1042.31,1392.51,12347266.70021,15741163317.332508,10396825
2021-01-31,1392.19,1475.0,1207.0,1312.55,11196117.05291,14975230148.305536,9652436
2021-02-07,1312.45,1760.49,1269.99,1611.62,9848664.63364,15379183101.120811,9165416
2021-02-14,1611.46,1871.72,1563.89,1800.42,6832312.13113,12048068089.782183,7325462
2021-02-21,1800.03,2042.34,1655.67,1933.53,6415195.21066,12036952424.79776,7041361
2021-02-28,1933.54,1936.29,1293.18,1419.18,10465746.31715,16352841616.940794,10070711
2021-03-07,1418.67,1734.16,1409.91,1726.16,6929607.56181,10805341301.256662,7673031
2021-03-14,1726.46,1944.3,1664.96,1848.1,6286994.50162,11360467111.440428,8081702
2021-03-21,1848.1,1891.76,1711.68,1782.98,4470159.77967,8033959244.439457,6336703
2021-03-28,1783.23,1807.51,1536.92,1687.01,3923684.95499,6552937560.790531,4987120
2021-04-04,1687.16,2146.0,1677.85,2075.69,4835867.4205,9385410342.403687,6883371
2021-04-11,2075.7,2200.0,1930.01,2151.36,4226761.72748,8784130702.740095,6846401
2021-04-18,2151.42,2548.29,1946.8,2235.64,6115364.25272,14079892572.965242,10255180
2021-04-25,2235.65,2644.47,2055.0,2320.49,9597523.0045,22175132209.700066,13278544
2021-05-02,2320.44,2985.0,2303.64,2949.56,5669052.5008,15256591803.14196,10027247
2021-05-09,2949.33,3983.65,2949.32,3923.95,8141949.96585,28213988647.858784,15883334
2021-05-16,3923.95,4372.72,3343.06,3582.1,9789006.91047,38338792200.10493,19272185
2021-05-23,3581.81,3587.06,1728.74,2096.39,17769636.20886,46925946627.06897,24743175
2021-05-30,2096.63,2910.0,2079.94,2385.98,11069936.93243,28023163391.552193,16325792
2021-06-06,2385.82,2891.95,2271.44,2711.92,7305827.50833,19414934856.661797,11391839
2021-06-13,2711.92,2847.55,2256.22,2509.33,6934583.77736,17404896544.439472,10026432
2021-06-20,2509.33,2640.0,2040.68,2243.47,4489080.67414,10613448712.439909,6887752
2021-06-27,2243.49,2260.16,1700.48,1982.28,7332181.21578,13997004965.9619,8901264
2021-07-04,1982.27,2389.93,1960.52,2322.69,5406154.19687,11617513694.730518,9061451
2021-07-11,2322.69,2409.0,2046.51,2140.45,4693880.50963,10408289822.88635,6931776
2021-07-18,2140.54,2167.83,1844.45,1891.64,4066002.34167,7954932195.2263365,5495740
2021-07-25,1891.65,2199.5,1706.0,2189.79,5095347.76508,10043866903.258553,6997862
2021-08-01,2189.82,2697.61,2150.5,2555.69,5641339.08902,13351540585.385717,10325310
2021-08-08,2555.5,3189.99,2442.32,3011.85,6778999.94652,18914335888.715134,13791294
2021-08-15,3011.84,3330.98,2893.23,3307.09,5111451.04173,16121890943.316448,10863543
2021-08-22,3307.35,3335.0,2950.0,3238.0,4086298.92413,12921563358.459496,8695538
2021-08-29,3238.0,3377.89,3053.3,3223.47,3117774.63185,10039639108.652489,6498840
2021-09-05,3223.47,4027.88,3143.0,3950.29,4245485.901,15356154256.185719,10184035
2021-09-12,3950.28,3970.0,3005.0,3404.21,4465879.63069,15562327051.434004,9206360
2021-09-19,3404.3,3676.28,3108.49,3328.62,2944982.7767,10046677546.012846,6563825
2021-09-26,3328.57,3347.82,2652.0,3059.37,5153870.38815,15289932997.404049,9438303
2021-10-03,3059.36,3488.0,2782.0,3417.73,3371510.7334,10448806999.31189,7022345
2021-10-10,3417.73,3695.0,3270.0,3414.22,3329200.9484,11701493557.136703,8839192
2021-10-17,3414.22,3971.0,3371.0,3846.85,3025204.9133,11122176561.622938,7831901
2021-10-24,3847.0,4375.0,3676.0,4082.33,3218953.34257,12922558587.55241,9059474
2021-10-31,4082.33,4460.47,3890.17,4287.21,3405230.00401,14322408800.347406,9947941
2021-11-07,4287.48,4665.87,4146.3,4612.59,2574084.5254100002,11514301926.8275,7988073
2021-11-14,4612.59,4868.0,4461.93,4626.5,2487265.63617,11665212913.08925,7302478
2021-11-21,4626.5,4772.01,3956.44,4258.31,3286912.079,14082284710.869751,7978926
2021-11-28,4259.7,4551.0,3913.0,4294.78,3257951.4345,13718501392.397327,7595225
2021-12-05,4294.77,4778.75,3503.68,4196.44,4436039.4119,19160112597.834606,10055277
2021-12-12,4196.44,4488.0,3828.22,4130.0,3290695.878,13721313251.680996,6985497
2021-12-19,4130.0,4142.75,3643.73,3924.14,2948431.565,11485289729.482805,6629570
2021-12-26,3924.14,4150.0,3753.0,4063.56,2019320.3993,8079543971.056223,4835376
2022-01-02,4063.57,4127.46,3585.0,3828.27,1709233.8399,6519148793.538856,4183630
2022-01-09,3828.11,3900.73,3000.0,3151.97,2765390.1877,9421537023.634521,5953855
2022-01-16,3151.97,3411.43,2928.83,3346.88,2298174.7327,7413452258.134577,4519727
2022-01-23,3346.89,3357.57,2300.0,2539.01,3957668.21457,10938143849.09483,7363616
2022-01-30,2539.0,2722.0,2159.0,2601.68,4191797.71368,10242533620.187988,7314180
2022-02-06,2601.67,3074.56,2476.07,3054.99,2957715.47702,8228189196.159556,5639209
2022-02-13,3055.0,3283.66,2836.7,2871.13,2959352.1091,9115449019.94247,5552815
2022-02-20,2871.14,3196.19,2576.0,2621.99,2822641.1922,8218975484.522593,4710672
2022-02-27,2621.99,2878.0,2300.0,2616.79,5102759.6041,13328956332.244764,7810800
2022-03-06,2616.79,3043.91,2535.0,2551.29,3629909.1001,10189094608.480272,6257753
2022-03-13,2551.3,2775.85,2445.0,2515.65,3334395.4868,8659726452.932423,4719412
2022-03-20,2515.66,2987.7,2498.67,2861.38,3153485.9131,8673043476.347252,4951982
2022-03-27,2861.39,3299.37,2829.81,3295.65,3077928.9636,9368489229.435732,5072955
2022-04-03,3295.65,3580.34,3210.68,3521.91,3217954.996,10944500414.841972,5560597
2022-04-10,3521.9,3555.0,3143.15,3203.04,2989389.3282,9904388196.548508,4926733
2022-04-17,3203.04,3213.63,2950.0,2988.06,2770151.0161,8447448451.155807,3951856
2022-04-24,2988.07,3180.0,2883.22,2921.0,2706293.2595,8184495778.754886,3822165
2022-05-01,2920.99,3039.54,2709.26,2824.81,3513007.2245,10065326219.555782,4782341
2022-05-08,2824.81,2965.85,2484.0,2519.71,4016957.5406,10987038612.876976,4980121
2022-05-15,2519.71,2530.78,1800.0,2145.29,9665837.76962,21026975448.383347,12246127
2022-05-22,2145.29,2145.29,1903.18,2043.19,3934960.6044,7909472854.276682,5415203
2022-05-29,2043.19,2088.5,1703.0,1813.64,5151103.95681,9585960681.630373,5450468
2022-06-05,1813.64,2016.45,1737.0,1806.23,4894188.4294,9103452322.631155,5019674
2022-06-12,1806.22,1920.0,1423.0,1434.84,7417256.10137,12535962574.95839,6604771
2022-06-19,1434.84,1455.0,881.56,1128.53,16453316.35098,18657541167.168766,14411248
2022-06-26,1128.53,1280.0,1043.65,1197.79,8696393.6118,9978209639.449347,7914091
2022-07-03,1197.79,1238.93,998.0,1074.26,7610801.1468,8400847128.753584,6463507
2022-07-10,1074.26,1276.46,1045.37,1168.36,7546048.7849,8810789967.463015,6521866
2022-07-17,1168.37,1422.91,1006.32,1338.65,10309759.7535,12111714305.370123,9355369
2022-07-24,1338.65,1664.34,1336.07,1597.7,9506416.08871,14636276500.181236,9842217
2022-07-31,1597.7,1784.79,1356.17,1678.12,8346331.74535,13291881204.351908,9204497
2022-08-07,1678.12,1749.93,1559.28,1700.19,5365873.8771,8874694316.806227,7502368
2022-08-14,1700.2,2030.0,1656.78,1935.31,6005908.6758,11095588128.982937,7790488
2022-08-21,1935.32,2012.47,1523.67,1618.13,6245075.8822,11075956317.685335,8045180
2022-08-28,1618.13,1722.0,1424.0,1426.76,5680094.1028,9057599624.377893,7511948
2022-09-04,1426.76,1650.0,1422.08,1579.28,5044263.2551,7847814922.906389,7303513
2022-09-11,1579.29,1789.0,1490.66,1766.11,4668123.4131,7684888287.815278,6561555
2022-09-18,1766.12,1783.0,1325.55,1334.51,5784488.7576,9016547779.985247,7952091
2022-09-25,1334.51,1408.9,1220.0,1294.63,5736574.9099,7565908739.828645,7247764
2022-10-02,1294.62,1400.0,1253.2,1276.72,4714233.4876,6248873409.02993,5752095
2022-10-09,1276.72,1383.99,1263.04,1323.13,2899060.4732,3880579020.471679,4246918
2022-10-16,1323.13,1343.12,1190.0,1305.95,3388589.4231000002,4359774327.631974,4366431
2022-10-23,1305.96,1371.55,1252.65,1364.2,2951869.4931,3860712484.14561,3579248
2022-10-30,1364.19,1663.06,1324.17,1590.44,6094414.837,9226735015.23757,7184747
2022-11-06,1590.45,1680.0,1502.32,1568.29,4581252.7508000005,7266447583.428436,5675381
2022-11-13,1568.25,1608.04,1073.53,1221.49,9856350.1681,12856429014.81681,13647934
2022-11-20,1221.5,1291.2,1132.65,1142.21,3872561.5274,4732252766.127394,5639080
2022-11-27,1142.21,1235.66,1075.0,1193.88,3852198.0722,4462097443.678077,4954216
2022-12-04,1193.88,1309.77,1151.02,1279.41,3279474.5966,4094604345.545465,4710731
2022-12-11,1279.4,1305.11,1218.01,1263.01,2267254.9617,2862688271.100078,3351255
2022-12-18,1263.0,1352.72,1155.32,1183.06,3300225.297,4143543432.630187,4009231
2022-12-25,1183.06,1237.99,1150.51,1218.51,1978460.2941,2386533155.009929,3086472
2023-01-01,1218.52,1233.73,1181.06,1200.34,1565275.6649,1881312176.942144,2391806
2023-01-08,1200.33,1296.0,1193.0,1290.16,1874373.9047,2333950635.870206,2521706
2023-01-15,1290.15,1599.98,1285.44,1552.52,4219468.6884,5995974332.998142,4991777
2023-01-22,1552.52,1679.26,1501.39,1627.44,3509158.2566,5563072183.617033,4805895
2023-01-29,1627.43,1660.0,1518.0,1644.72,3426332.1614,5471217280.111512,4691772
2023-02-05,1644.73,1714.68,1535.0,1629.02,3234339.8978,5268538692.169582,5038057
2023-02-12,1629.01,1697.91,1490.0,1514.83,2973123.9347,4742110523.124836,4641402
2023-02-19,1514.82,1742.97,1461.93,1679.75,3974311.7909,6421789933.460156,5755354
2023-02-26,1679.74,1719.89,1557.33,1641.36,3113162.2863,5123368045.573016,5232820
2023-03-05,1641.37,1677.86,1544.39,1564.58,3002562.809,4831157752.481016,4631329
2023-03-12,1564.57,1594.19,1368.39,1580.33,5261721.2704,7800469660.256953,6534783
2023-03-19,1580.33,1841.36,1565.0,1780.68,6262787.8403,10651976477.200106,9142146
2023-03-26,1780.67,1857.16,1710.12,1773.88,4323928.0818,7671877696.937458,6679415
2023-04-02,1773.88,1847.28,1686.13,1794.51,3373183.9183,6014711890.497768,5384044
2023-04-09,1794.51,1942.98,1762.77,1858.92,2964842.5896,5499843557.054501,6865131
2023-04-16,1858.91,2141.54,1846.4,2118.67,3684963.8428,7344658098.943279,5106675
2023-04-23,2118.66,2125.0,1825.0,1862.0,3606341.1812,7086965465.607825,5082400
2023-04-30,1862.01,1964.72,1785.0,1870.09,3455930.7413,6505337788.982606,4920197
2023-05-07,1870.08,2019.0,1806.12,1870.4,3206970.9473,6070225084.00406,4786842
2023-05-14,1870.41,1887.47,1740.0,1799.21,3088278.6267,5624882961.753958,4272783
2023-05-21,1799.2,1846.7,1771.12,1804.91,1877652.6148,3407350956.478124,2946727
2023-05-28,1804.91,1918.65,1761.41,1908.64,2198755.7685000002,4016568564.039565,3199624
2023-06-04,1908.64,1927.62,1840.0,1890.01,1810516.8326,3418990750.083204,2781449
2023-06-11,1890.0,1898.29,1715.03,1752.76,2735840.9155,4970373524.978636,3858095
2023-06-18,1752.77,1770.13,1626.01,1720.95,2052207.1051,3501748038.764581,3039628
2023-06-25,1720.95,1936.42,1698.0,1898.8,2571304.7446,4756279887.339061,3433157
2023-07-02,1898.8,1959.2,1816.56,1937.48,2555824.0945,4814136025.350568,3256642
2023-07-09,1937.49,1976.16,1826.0,1862.8,1745434.2954,3332053832.414675,2412565
2023-07-16,1862.81,2029.11,1846.63,1922.11,2021480.9564,3896307470.325721,2652841
2023-07-23,1922.12,1936.18,1851.18,1888.73,1454848.7617,2760466926.697755,2082011
2023-07-30,1888.74,1890.86,1833.19,1861.79,1234833.0557,2301021465.901742,1790999
2023-08-06,1861.79,1879.74,1813.8,1830.28,1323802.4295,2440238407.563495,1844367
2023-08-13,1830.28,1876.51,1802.0,1840.73,1076853.3198,1987961748.621808,1650149
2023-08-20,1840.73,1856.5,1550.0,1685.24,2319472.4485,3999013698.582966,2911544
2023-08-27,1685.23,1702.11,1580.0,1658.33,1662375.1205,2749362776.1692758,2169706
2023-09-03,1658.33,1745.84,1602.33,1635.84,1763401.206,2948217467.9603047,2277716
2023-09-10,1635.84,1670.0,1600.0,1617.42,1308523.2053,2135106175.697674,1987022
2023-09-17,1617.42,1654.08,1531.01,1622.48,1646998.1296,2641972770.20211,2502805
2023-09-24,1622.48,1669.5,1567.77,1580.71,1263736.9807,2045249408.559388,2347428
2023-10-01,1580.71,1751.0,1563.01,1733.79,1522616.2518,2495362719.084514,3100790
2023-10-08,1733.8,1744.0,1606.73,1632.84,1508277.4331,2494966852.120136,3603939
2023-10-15,1632.85,1636.0,1521.0,1557.77,1491107.7151,2333403403.114516,3494816
2023-10-22,1557.78,1639.43,1541.61,1566.57,1042874.7656,1644284079.792202,2102791
