,timestamp,open,high,low,close,volume,rsi_14,macd,macd_signal,sma_5,sma_20,return,future_return,target,overall_sentiment_score,ticker_sentiment,ticker_relevance,topic_Economy - Monetary,topic_Technology,topic_Financial Markets,topic_Manufacturing,topic_Economy - Fiscal,topic_Energy & Transportation,topic_Finance,topic_Life Sciences,topic_IPO,topic_Earnings,topic_Retail & Wholesale,topic_Mergers & Acquisitions,topic_Real Estate & Construction,topic_Blockchain,topic_Economy - Macro
0,2020-05-22,827.78,834.72,796.0,816.88,50813894,63.351041616868336,95.51092543582695,84.46939100566665,772.388,659.098,1.3763781818181817,0.022181960630692332,1,0.0,0.0,0.0,0.0,0.0,0.0,0.0,0.0,0.0,0.0,0.0,0.0,0.0,0.0,0.0,0.0,0.0,0.0
1,2020-05-29,834.5,835.0,785.0,835.0,38727529,64.1433304647897,99.27468821467119,87.43045044746756,794.358,676.9404999999999,1.6899040010308615,0.06067065868263466,1,0.0,0.0,0.0,0.0,0.0,0.0,0.0,0.0,0.0,0.0,0.0,0.0,0.0,0.0,0.0,0.0,0.0,0.0
2,2020-06-05,858.0,908.66,854.1,885.66,53299992,66.33460739320535,105.13342328966701,90.97104501590745,831.226,695.6985,1.6398998479835463,0.05602601449766276,1,0.0,0.0,0.0,0.0,0.0,0.0,0.0,0.0,0.0,0.0,0.0,0.0,0.0,0.0,0.0,0.0,0.0,0.0
3,2020-06-12,919.0,1027.48,909.16,935.28,76806150,68.37332516531455,112.48378925110626,95.27359386294722,854.3979999999999,714.2215,1.6566680869194714,0.07016080745872899,1,0.0,0.0,0.0,0.0,0.0,0.0,0.0,0.0,0.0,0.0,0.0,0.0,0.0,0.0,0.0,0.0,0.0,0.0
4,2020-06-19,917.79,1019.2,908.5,1000.9,58070741,70.88441949932768,122.19540031205031,100.65795515276784,894.744,731.738,1.9866913344473622,-0.04112298930962133,0,0.0,0.0,0.0,0.0,0.0,0.0,0.0,0.0,0.0,0.0,0.0,0.0,0.0,0.0,0.0,0.0,0.0,0.0
5,2020-06-26,999.95,1012.0,937.15,959.74,41796671,67.27618563393806,125.12825341892028,105.55201480599834,923.316,742.3214999999999,1.9334596692850812,0.25936191051743185,1,0.0,0.0,0.0,0.0,0.0,0.0,0.0,0.0,0.0,0.0,0.0,0.0,0.0,0.0,0.0,0.0,0.0,0.0
6,2020-07-02,969.01,1228.0,948.5201,1208.66,56521929,75.42376150976577,145.8569758995858,113.61300702471583,998.048,762.753,2.7611949587676987,0.27798553770291057,1,0.0,0.0,0.0,0.0,0.0,0.0,0.0,0.0,0.0,0.0,0.0,0.0,0.0,0.0,0.0,0.0,0.0,0.0
7,2020-07-10,1276.69,1548.92,1266.04,1544.65,93458418,81.95474691784185,187.23786130865892,128.33797788150446,1129.846,794.9355,4.122537640114081,-0.028362412196937914,0,0.0,0.0,0.0,0.0,0.0,0.0,0.0,0.0,0.0,0.0,0.0,0.0,0.0,0.0,0.0,0.0,0.0,0.0
8,2020-07-17,1659.0,1794.99,1431.0,1500.84,102433380,79.00654021408438,214.03020330940114,145.4764229670838,1242.958,836.5780000000001,4.639499492729117,-0.05586205058500571,0,0.0,0.0,0.0,0.0,0.0,0.0,0.0,0.0,0.0,0.0,0.0,0.0,0.0,0.0,0.0,0.0,0.0,0.0
9,2020-07-24,1519.01,1689.0,1366.5401,1417.0,90613325,73.55336956210417,225.89417264548786,161.55997290276463,1326.1779999999999,872.2539999999999,3.7343802205145336,0.00971065631616086,1,0.0,0.0,0.0,0.0,0.0,0.0,0.0,0.0,0.0,0.0,0.0,0.0,0.0,0.0,0.0,0.0,0.0,0.0
10,2020-07-31,1435.0,1564.7,1413.0003,1430.76,61152261,73.87211367361188,233.71267656811438,175.9905136358346,1420.382,916.461,3.7638010255044287,0.015341496826861256,1,0.0,0.0,0.0,0.0,0.0,0.0,0.0,0.0,0.0,0.0,0.0,0.0,0.0,0.0,0.0,0.0,0.0,0.0
11,2020-08-07,1449.2,1527.41,1415.01,1452.71,37091084,74.40211467129211,238.92588987993736,188.57758888465514,1469.192,967.72,4.005202590959206,0.13629698976395832,1,0.0,0.0,0.0,0.0,0.0,0.0,0.0,0.0,0.0,0.0,0.0,0.0,0.0,0.0,0.0,0.0,0.0,0.0
12,2020-08-14,1448.0,1668.8,1365.0,1650.71,71049854,78.61595129308142,256.082385894842,202.07854828669252,1490.404,1024.5375,4.613132480957563,0.2418777374584269,1,0.0,0.0,0.0,0.0,0.0,0.0,0.0,0.0,0.0,0.0,0.0,0.0,0.0,0.0,0.0,0.0,0.0,0.0
13,2020-08-21,1677.0,2095.49,1672.83,2049.98,90804281,84.24732252692183,298.4563655544414,221.35411174024233,1600.2320000000002,1103.0359999999998,5.970587235200109,0.07971785090586248,1,0.0,0.0,0.0,0.0,0.0,0.0,0.0,0.0,0.0,0.0,0.0,0.0,0.0,0.0,0.0,0.0,0.0,0.0
14,2020-08-28,2126.275,2318.49,1927.52,2213.4,88736115,85.88567569356724,341.2904936005157,245.341388112297,1759.512,1185.056,6.352022852587524,-0.8110056925996205,0,0.0,0.0,0.0,0.0,0.0,0.0,0.0,0.0,0.0,0.0,0.0,0.0,0.0,0.0,0.0,0.0,0.0,0.0
15,2020-09-04,444.61,502.49,372.0201,418.32,500060538,38.50831101073522,227.7633803192291,241.82578655368343,1557.0240000000001,1168.2775,0.5111624882595189,-0.10900745840504866,0,0.0,0.0,0.0,0.0,0.0,0.0,0.0,0.0,0.0,0.0,0.0,0.0,0.0,0.0,0.0,0.0,0.0,0.0
16,2020-09-11,356.0,398.99,329.88,372.72,340579527,37.93582430470007,132.5844353801101,219.97751631896878,1341.0260000000003,1150.6560000000002,0.3366325981710596,0.18627924447306277,1,0.0,0.0,0.0,0.0,0.0,0.0,0.0,0.0,0.0,0.0,0.0,0.0,0.0,0.0,0.0,0.0,0.0,0.0
17,2020-09-18,380.95,461.94,373.3,442.15,416051578,39.412751778781534,62.041678685585566,188.39034879229214,1099.314,1137.6974999999998,0.5151463230758686,-0.07872893814316406,0,0.0,0.0,0.0,0.0,0.0,0.0,0.0,0.0,0.0,0.0,0.0,0.0,0.0,0.0,0.0,0.0,0.0,0.0
18,2020-09-25,453.13,455.68,351.3,407.34,447901291,38.912772626891424,3.289243341606607,151.37012770215503,770.7860000000001,1117.0935,0.2823144242271609,0.01902587519025878,1,0.0,0.0,0.0,0.0,0.0,0.0,0.0,0.0,0.0,0.0,0.0,0.0,0.0,0.0,0.0,0.0,0.0,0.0
19,2020-10-02,424.62,448.88,411.6,415.09,270378010,39.09801015735949,-42.161117606999255,112.66387864032419,411.12399999999997,1097.8895,0.15891894910238147,0.04555638536221074,1,0.0,0.0,0.0,0.0,0.0,0.0,0.0,0.0,0.0,0.0,0.0,0.0,0.0,0.0,0.0,0.0,0.0,0.0
20,2020-10-09,423.35,439.0,406.05,434.0,206343526,39.5794452975226,-75.78141615525749,74.97481968120785,414.26000000000005,1078.7455,0.3008422503971466,0.013064516129032366,1,0.0,0.0,0.0,0.0,0.0,0.0,0.0,0.0,0.0,0.0,0.0,0.0,0.0,0.0,0.0,0.0,0.0,0.0
21,2020-10-16,442.0,465.9,436.6,439.67,189748425,39.73328203411431,-100.80619232662468,39.818617279641344,427.65,1058.979,0.28202361860329495,-0.043305206177360334,0,0.0,0.0,0.0,0.0,0.0,0.0,0.0,0.0,0.0,0.0,0.0,0.0,0.0,0.0,0.0,0.0,0.0,0.0
22,2020-10-23,446.24,447.0,407.3801,420.63,174024764,39.37077380516346,-120.78257032611054,7.698379758490965,423.346,1035.7275,0.36170281644545166,-0.0774790195658892,0,0.0,0.0,0.0,0.0,0.0,0.0,0.0,0.0,0.0,0.0,0.0,0.0,0.0,0.0,0.0,0.0,0.0,0.0
23,2020-10-30,411.63,430.5,379.11,388.04,141620023,38.71960078209905,-137.65691126216234,-21.372678445639696,419.486,1008.3654999999999,0.2169222567190392,0.10800432945057192,1,0.0,0.0,0.0,0.0,0.0,0.0,0.0,0.0,0.0,0.0,0.0,0.0,0.0,0.0,0.0,0.0,0.0,0.0
24,2020-11-06,394.0,440.0,392.3,429.95,145636427,40.09182945824624,-145.96556115494184,-46.291254987500125,422.45799999999997,979.818,0.3711014733082467,-0.04988952203744623,0,0.0,0.0,0.0,0.0,0.0,0.0,0.0,0.0,0.0,0.0,0.0,0.0,0.0,0.0,0.0,0.0,0.0,0.0
25,2020-11-13,439.5,452.5,396.0301,408.5,122245822,39.60303342116875,-152.52287305207744,-67.5375786004156,417.358,952.256,0.37458779191062663,0.1985556915544675,1,0.0,0.0,0.0,0.0,0.0,0.0,0.0,0.0,0.0,0.0,0.0,0.0,0.0,0.0,0.0,0.0,0.0,0.0
26,2020-11-20,408.93,508.6112,404.0868,489.61,261458208,42.45980125849438,-149.45190233841356,-83.9204433480152,427.346,916.3035,0.40623833184938385,0.19638079287596244,1,0.0,0.0,0.0,0.0,0.0,0.0,0.0,0.0,0.0,0.0,0.0,0.0,0.0,0.0,0.0,0.0,0.0,0.0
27,2020-11-27,503.5,598.78,501.79,585.76,188810315,45.736433682888425,-137.67263010020497,-94.67088069845316,460.37199999999996,868.359,0.6477538046077245,0.022671401256487256,1,0.0,0.0,0.0,0.0,0.0,0.0,0.0,0.0,0.0,0.0,0.0,0.0,0.0,0.0,0.0,0.0,0.0,0.0
28,2020-12-04,602.21,607.8,541.21,599.04,221865368,46.192192555979275,-125.81556347368598,-100.89981725349972,502.57199999999995,823.269,0.9608510638297871,0.018279246794871806,1,0.0,0.0,0.0,0.0,0.0,0.0,0.0,0.0,0.0,0.0,0.0,0.0,0.0,0.0,0.0,0.0,0.0,0.0
29,2020-12-11,604.9197,654.32,566.34,609.99,305424055,46.59052514115056,-114.21853904010345,-103.56356161082047,538.58,782.9185,0.8895669413295335,0.13936294037607166,1,0.0,0.0,0.0,0.0,0.0,0.0,0.0,0.0,0.0,0.0,0.0,0.0,0.0,0.0,0.0,0.0,0.0,0.0
30,2020-12-18,619.0,695.0,605.0,695.0,417756359,49.70352207898828,-97.04949096205326,-102.26074748106703,595.88,746.1305,1.303918318636876,-0.047812949640287816,0,0.0,0.0,0.0,0.0,0.0,0.0,0.0,0.0,0.0,0.0,0.0,0.0,0.0,0.0,0.0,0.0,0.0,0.0
31,2020-12-24,666.24,668.5,614.23,661.77,165945448,48.51319778745157,-85.14280667341507,-98.83715931953665,630.312,706.5835,1.513941650205136,0.06633724707980115,1,0.0,0.0,0.0,0.0,0.0,0.0,0.0,0.0,0.0,0.0,0.0,0.0,0.0,0.0,0.0,0.0,0.0,0.0
32,2020-12-31,674.51,718.72,655.0,705.67,146960321,50.20965205062647,-71.34192517464237,-93.3381124905578,654.2940000000001,659.3315,1.390481029810298,0.2470701602732155,1,0.0,0.0,0.0,0.0,0.0,0.0,0.0,0.0,0.0,0.0,0.0,0.0,0.0,0.0,0.0,0.0,0.0,0.0
33,2021-01-08,719.46,884.49,717.1895,880.02,252137795,56.359669923661286,-45.80799322916937,-83.83208863828013,710.49,600.8335,1.94222668004012,-0.06120315447376201,0,0.0,0.0,0.0,0.0,0.0,0.0,0.0,0.0,0.0,0.0,0.0,0.0,0.0,0.0,0.0,0.0,0.0,0.0
34,2021-01-15,849.4,868.0,803.6222,826.16,208896134,54.13513355711766,-29.577271696628713,-72.98112524994986,753.7239999999999,531.4715,2.1202930845639614,0.02478938704367195,1,0.0,0.0,0.0,0.0,0.0,0.0,0.0,0.0,0.0,0.0,0.0,0.0,0.0,0.0,0.0,0.0,0.0,0.0
35,2021-01-22,837.8,859.5,828.62,846.64,91697493,54.86465179362877,-14.890099308494314,-61.36292006165875,784.0519999999999,552.8875,2.232067188394732,-0.06273032221487296,0,0.0,0.0,0.0,0.0,0.0,0.0,0.0,0.0,0.0,0.0,0.0,0.0,0.0,0.0,0.0,0.0,0.0,0.0
36,2021-01-29,855.0,900.4,780.1,793.53,153007757,52.53117149641375,-7.450062829944613,-50.58034861531592,810.404,573.928,2.0664270809181544,0.07397325872997884,1,0.0,0.0,0.0,0.0,0.0,0.0,0.0,0.0,0.0,0.0,0.0,0.0,0.0,0.0,0.0,0.0,0.0,0.0
37,2021-02-05,814.29,880.5,795.5601,852.23,102112291,54.818450358953136,3.1465476627076896,-39.834969359711195,839.716,594.432,2.277807692307692,-0.042371190875702625,0,0.0,0.0,0.0,0.0,0.0,0.0,0.0,0.0,0.0,0.0,0.0,0.0,0.0,0.0,0.0,0.0,0.0,0.0
38,2021-02-12,869.67,877.77,785.3306,816.12,116303534,53.122689042369714,8.53230747703401,-30.161513992362156,826.936,614.8709999999999,1.4663644605621036,-0.042665294319462865,0,0.0,0.0,0.0,0.0,0.0,0.0,0.0,0.0,0.0,0.0,0.0,0.0,0.0,0.0,0.0,0.0,0.0,0.0
39,2021-02-19,818.0,821.0,762.01,781.3,82596163,51.469310557020464,9.87702177626943,-22.15380683863584,817.9639999999999,633.1814999999999,1.255419878179036,-0.1354153334186612,0,0.0,0.0,0.0,0.0,0.0,0.0,0.0,0.0,0.0,0.0,0.0,0.0,0.0,0.0,0.0,0.0,0.0,0.0
40,2021-02-26,762.64,768.5,619.0,675.5,217862425,46.71199229677867,2.3781281728067825,-17.247419836347316,783.7360000000001,645.2565,0.9271918062252147,-0.11480384900074014,0,0.0,0.0,0.0,0.0,0.0,0.0,0.0,0.0,0.0,0.0,0.0,0.0,0.0,0.0,0.0,0.0,0.0,0.0
41,2021-03-05,690.11,721.11,539.49,597.95,235272714,43.53556541673152,-9.71049933045083,-15.74003573516802,744.62,653.1705,0.6876464113347069,0.16018061710845388,1,0.0,0.0,0.0,0.0,0.0,0.0,0.0,0.0,0.0,0.0,0.0,0.0,0.0,0.0,0.0,0.0,0.0,0.0
42,2021-03-12,600.55,717.85,558.79,693.73,249753690,48.21894225161778,-11.430415473111907,-14.8781116827568,712.92,666.8255,1.1291164103980607,-0.05601602929093452,0,0.0,0.0,0.0,0.0,0.0,0.0,0.0,0.0,0.0,0.0,0.0,0.0,0.0,0.0,0.0,0.0,0.0,0.0
43,2021-03-19,694.09,713.18,624.6201,654.87,178254604,46.53256865610642,-15.747609995446282,-15.052011345294698,680.67,680.167,0.8684946359278702,-0.055217065982561375,0,0.0,0.0,0.0,0.0,0.0,0.0,0.0,0.0,0.0,0.0,0.0,0.0,0.0,0.0,0.0,0.0,0.0,0.0
44,2021-03-26,684.59,699.62,599.89,618.71,176876942,44.95697751998954,-21.835125817839867,-16.40863423980373,648.152,689.605,0.7283850602005755,0.06956409303227673,1,0.0,0.0,0.0,0.0,0.0,0.0,0.0,0.0,0.0,0.0,0.0,0.0,0.0,0.0,0.0,0.0,0.0,0.0
45,2021-04-01,615.64,692.4203,591.01,661.75,136705010,47.24660809157361,-22.922323390167207,-17.711372069876425,645.402,702.2675,0.8094938612561866,0.02307517944843207,1,0.0,0.0,0.0,0.0,0.0,0.0,0.0,0.0,0.0,0.0,0.0,0.0,0.0,0.0,0.0,0.0,0.0,0.0
46,2021-04-09,707.71,708.16,667.84,677.02,141785455,48.0719176674984,-22.294773643242365,-18.628052384549612,661.216,711.638,1.1172092441442287,0.09270036335706466,1,0.0,0.0,0.0,0.0,0.0,0.0,0.0,0.0,0.0,0.0,0.0,0.0,0.0,0.0,0.0,0.0,0.0,0.0
47,2021-04-16,685.7,780.79,682.09,739.78,178634338,51.43486218285673,-16.542536392594684,-18.21094918615863,670.426,719.3389999999999,1.215772606104172,-0.014031198464408368,0,0.0,0.0,0.0,0.0,0.0,0.0,0.0,0.0,0.0,0.0,0.0,0.0,0.0,0.0,0.0,0.0,0.0,0.0
48,2021-04-23,719.6,753.77,691.8001,729.4,170514922,50.84832817535783,-12.675313060690087,-17.10382196106492,685.332,725.857,1.2959488809846076,-0.027364957499314446,0,0.0,0.0,0.0,0.0,0.0,0.0,0.0,0.0,0.0,0.0,0.0,0.0,0.0,0.0,0.0,0.0,0.0,0.0
49,2021-04-30,741.0,749.3,666.14,709.44,152350715,49.67525899684736,-11.0932399310135,-15.901705555054637,703.4780000000001,730.8295,1.0429649254161149,-0.05225248082995049,0,0.0,0.0,0.0,0.0,0.0,0.0,0.0,0.0,0.0,0.0,0.0,0.0,0.0,0.0,0.0,0.0,0.0,0.0
50,2021-05-07,703.8,706.0,650.0,672.37,129938147,47.4842543396853,-12.684456254702582,-15.258255694984227,705.6020000000001,729.6980000000001,1.2244756170184612,-0.12289364486815291,0,0.0,0.0,0.0,0.0,0.0,0.0,0.0,0.0,0.0,0.0,0.0,0.0,0.0,0.0,0.0,0.0,0.0,0.0
51,2021-05-14,664.9,665.05,559.65,589.74,189275731,42.93808430526264,-20.3781504541206,-16.282234646811503,688.146,726.0965,0.9853891731753299,-0.015023569708685236,0,0.0,0.0,0.0,0.0,0.0,0.0,0.0,0.0,0.0,0.0,0.0,0.0,0.0,0.0,0.0,0.0,0.0,0.0
52,2021-05-21,575.5531,596.68,546.98,580.88,165651036,42.46857479704344,-26.880524536808593,-18.401892624810923,656.366,719.857,0.8605425835175045,0.07633246109351344,1,0.0,0.0,0.0,0.0,0.0,0.0,0.0,0.0,0.0,0.0,0.0,0.0,0.0,0.0,0.0,0.0,0.0,0.0
53,2021-05-28,581.6,635.59,573.65,625.22,140310958,45.670311347691666,-28.1315523846489,-20.34782457677852,635.5300000000001,707.117,1.0445389143230872,-0.04185726624228281,0,0.0,0.0,0.0,0.0,0.0,0.0,0.0,0.0,0.0,0.0,0.0,0.0,0.0,0.0,0.0,0.0,0.0,0.0
54,2021-06-04,627.8,633.8,571.22,599.05,95536458,44.110003577123344,-30.878750243957825,-22.454009710214386,613.452,695.7615,0.9457256073794984,0.018095317586178217,1,0.0,0.0,0.0,0.0,0.0,0.0,0.0,0.0,0.0,0.0,0.0,0.0,0.0,0.0,0.0,0.0,0.0,0.0
55,2021-06-11,591.825,623.09,582.88,609.89,105306562,44.94898410193905,-31.814489304738913,-24.326105629119294,600.9559999999999,683.924,1.0694581113637134,0.022003967928642787,1,0.0,0.0,0.0,0.0,0.0,0.0,0.0,0.0,0.0,0.0,0.0,0.0,0.0,0.0,0.0,0.0,0.0,0.0
56,2021-06-18,612.23,628.35,593.5,623.31,107296122,46.02913661530037,-31.114518605296894,-25.683788224354814,607.67,675.413,1.1144204348858504,0.07790665960757903,1,0.0,0.0,0.0,0.0,0.0,0.0,0.0,0.0,0.0,0.0,0.0,0.0,0.0,0.0,0.0,0.0,0.0,0.0
57,2021-06-25,624.48,697.62,608.88,671.87,153549954,49.86260883713521,-26.337794910801904,-25.814589561644233,625.868,666.395,1.3645738016470754,0.0104633336806228,1,0.0,0.0,0.0,0.0,0.0,0.0,0.0,0.0,0.0,0.0,0.0,0.0,0.0,0.0,0.0,0.0,0.0,0.0
58,2021-07-02,671.64,700.0,670.32,678.9,103666230,50.41173632903628,-21.734404040063055,-24.998552457328,636.6039999999999,659.5339999999999,1.464873107504629,-0.03233171306525251,0,0.0,0.0,0.0,0.0,0.0,0.0,0.0,0.0,0.0,0.0,0.0,0.0,0.0,0.0,0.0,0.0,0.0,0.0
59,2021-07-09,681.7115,684.0,620.46,656.95,82990274,48.621128923963965,-19.631070405836795,-23.92505604702976,648.184,653.3165,1.4834612331304582,-0.019377425983712615,0,0.0,0.0,0.0,0.0,0.0,0.0,0.0,0.0,0.0,0.0,0.0,0.0,0.0,0.0,0.0,0.0,0.0,0.0
60,2021-07-16,662.2,693.28,637.88,644.22,105114865,47.565908760991285,-18.774942112288045,-22.89503326008142,655.05,651.7524999999999,1.3019366826270278,-0.0013039023935923488,0,0.0,0.0,0.0,0.0,0.0,0.0,0.0,0.0,0.0,0.0,0.0,0.0,0.0,0.0,0.0,0.0,0.0,0.0
61,2021-07-23,629.89,664.8599,621.29,643.38,80448226,47.49266339827636,-17.957235419481663,-21.90747369196147,659.0640000000001,654.024,1.3399039860343325,0.06810904908452242,1,0.0,0.0,0.0,0.0,0.0,0.0,0.0,0.0,0.0,0.0,0.0,0.0,0.0,0.0,0.0,0.0,0.0,0.0
62,2021-07-30,650.97,697.53,627.24,687.2,133501299,51.673360493334656,-13.616328632587965,-20.24924468008677,662.1299999999999,653.6975,1.567052670900262,0.017316647264260743,1,0.0,0.0,0.0,0.0,0.0,0.0,0.0,0.0,0.0,0.0,0.0,0.0,0.0,0.0,0.0,0.0,0.0,0.0
63,2021-08-06,700.0,726.94,697.63,699.1,100781351,52.77306930781565,-9.110873701174455,-18.02157048430431,666.1700000000001,655.909,1.5583693185976726,0.025847518237734235,1,0.0,0.0,0.0,0.0,0.0,0.0,0.0,0.0,0.0,0.0,0.0,0.0,0.0,0.0,0.0,0.0,0.0,0.0
64,2021-08-13,710.17,729.9,699.4,717.17,72301742,54.467442338769814,-4.035649766862775,-15.224386340816004,678.2139999999999,660.832,2.049970230500978,-0.0514661795669088,0,0.0,0.0,0.0,0.0,0.0,0.0,0.0,0.0,0.0,0.0,0.0,0.0,0.0,0.0,0.0,0.0,0.0,0.0
65,2021-08-20,705.07,709.5,648.84,680.26,96329308,50.48327640277757,-2.9577318722668906,-12.771055447106182,685.422,661.7574999999999,1.667372465984394,0.04654102843030605,1,0.0,0.0,0.0,0.0,0.0,0.0,0.0,0.0,0.0,0.0,0.0,0.0,0.0,0.0,0.0,0.0,0.0,0.0
66,2021-08-27,685.442,716.97,680.7505,711.92,73041547,53.617338855757026,0.44608108643092237,-10.127628140398762,699.13,663.5024999999999,1.972277889111556,0.030410720305652506,1,0.0,0.0,0.0,0.0,0.0,0.0,0.0,0.0,0.0,0.0,0.0,0.0,0.0,0.0,0.0,0.0,0.0,0.0
67,2021-09-03,714.715,741.99,712.73,733.57,80731775,55.68299405774202,4.83486809297267,-7.135128893724477,708.4039999999999,663.192,2.4761408330569115,0.0036806303420258146,1,0.0,0.0,0.0,0.0,0.0,0.0,0.0,0.0,0.0,0.0,0.0,0.0,0.0,0.0,0.0,0.0,0.0,0.0
68,2021-09-10,740.0,764.45,734.5201,736.27,68094762,55.94648957846371,8.433662834930146,-4.021370547993552,715.838,663.5355000000001,2.8622986938047528,0.03153734363752436,1,0.0,0.0,0.0,0.0,0.0,0.0,0.0,0.0,0.0,0.0,0.0,0.0,0.0,0.0,0.0,0.0,0.0,0.0
69,2021-09-17,740.2143,761.04,708.85,759.49,98962617,58.245742389086956,13.009428939484678,-0.615210650497906,724.3019999999999,666.038,3.101803845322964,0.019618428155736112,1,0.0,0.0,0.0,0.0,0.0,0.0,0.0,0.0,0.0,0.0,0.0,0.0,0.0,0.0,0.0,0.0,0.0,0.0
70,2021-09-24,734.5577,774.8,718.6249,774.39,89535196,59.69928475751302,17.63477926140638,3.034787331882951,743.1279999999999,671.1389999999999,2.7867481662591684,0.001071811361200492,1,0.0,0.0,0.0,0.0,0.0,0.0,0.0,0.0,0.0,0.0,0.0,0.0,0.0,0.0,0.0,0.0,0.0,0.0
71,2021-10-01,773.12,799.0,763.59,775.22,109382331,59.78327139163845,21.12387390950562,6.652604647407485,755.788,680.413,2.607016564302997,0.013247852222594947,1,0.0,0.0,0.0,0.0,0.0,0.0,0.0,0.0,0.0,0.0,0.0,0.0,0.0,0.0,0.0,0.0,0.0,0.0
72,2021-10-08,796.5,806.9699,773.22,785.49,99483120,60.869910420351076,24.436026424005036,10.209289002726996,766.1719999999999,690.6435,2.54047597584062,0.07325363785662442,1,0.0,0.0,0.0,0.0,0.0,0.0,0.0,0.0,0.0,0.0,0.0,0.0,0.0,0.0,0.0,0.0,0.0,0.0
73,2021-10-15,787.65,843.21,785.5,843.03,81512174,66.35499418358538,31.342629944778082,14.435957191137213,787.5240000000001,701.5339999999999,2.772621498254721,0.07906005717471509,1,0.0,0.0,0.0,0.0,0.0,0.0,0.0,0.0,0.0,0.0,0.0,0.0,0.0,0.0,0.0,0.0,0.0,0.0
74,2021-10-22,851.79,910.0,851.47,909.68,109982713,71.36251021984548,41.71341469814968,19.891448692539708,817.562,717.0654999999999,2.9025311025311025,0.22460645501714893,1,0.0,0.0,0.0,0.0,0.0,0.0,0.0,0.0,0.0,0.0,0.0,0.0,0.0,0.0,0.0,0.0,0.0,0.0
75,2021-10-29,950.53,1115.21,944.2,1114.0,220925116,80.79769651862253,65.66233819782087,29.04562659359594,885.484,742.271,3.545454545454545,0.09702872531418305,1,0.0,0.0,0.0,0.0,0.0,0.0,0.0,0.0,0.0,0.0,0.0,0.0,0.0,0.0,0.0,0.0,0.0,0.0
76,2021-11-05,1145.0,1243.49,1118.66,1222.09,178974628,83.83242439122839,92.30001514830053,41.69650430453686,974.858,772.2099999999999,3.7334805174684327,-0.15438306507704003,0,0.0,0.0,0.0,0.0,0.0,0.0,0.0,0.0,0.0,0.0,0.0,0.0,0.0,0.0,0.0,0.0,0.0,0.0
77,2021-11-12,1149.785,1197.0,987.31,1033.42,182318404,64.63182250940727,97.06753965197197,52.77071137402388,1024.444,790.2875,3.5317488159971937,0.10028836291149767,1,0.0,0.0,0.0,0.0,0.0,0.0,0.0,0.0,0.0,0.0,0.0,0.0,0.0,0.0,0.0,0.0,0.0,0.0
78,2021-11-19,1017.63,1138.7199,978.6,1137.06,135304561,68.8520984534707,107.96417520724765,63.80940414066864,1083.25,813.1955,3.8521805923017833,-0.04849348319349889,0,0.0,0.0,0.0,0.0,0.0,0.0,0.0,0.0,0.0,0.0,0.0,0.0,0.0,0.0,0.0,0.0,0.0,0.0
79,2021-11-26,1162.33,1201.95,1062.0,1081.92,103485337,64.4460571888701,110.87243183651208,73.22200967983733,1117.6979999999999,834.4440000000001,3.603718990681248,-0.061880730553090846,0,0.0,0.0,0.0,0.0,0.0,0.0,0.0,0.0,0.0,0.0,0.0,0.0,0.0,0.0,0.0,0.0,0.0,0.0
80,2021-12-03,1100.99,1172.8399,1000.21,1014.97,124636821,59.469868283022706,106.54673624022041,79.88695499191394,1097.892,852.9815000000001,3.614758570519233,0.0020296166389153214,1,0.0,0.0,0.0,0.0,0.0,0.0,0.0,0.0,0.0,0.0,0.0,0.0,0.0,0.0,0.0,0.0,0.0,0.0
81,2021-12-10,1001.51,1072.38,950.5,1017.03,99585638,59.573303892675945,102.10778115776725,84.3311202250846,1056.8799999999999,871.664,3.8109271523178805,-0.08304573119770309,0,0.0,0.0,0.0,0.0,0.0,0.0,0.0,0.0,0.0,0.0,0.0,0.0,0.0,0.0,0.0,0.0,0.0,0.0
82,2021-12-17,1001.09,1005.0,909.0401,932.57,136074239,53.540202640063875,90.7287960514833,85.61065539036434,1036.71,883.9324999999999,3.1335490448118435,0.14415003699454187,1,0.0,0.0,0.0,0.0,0.0,0.0,0.0,0.0,0.0,0.0,0.0,0.0,0.0,0.0,0.0,0.0,0.0,0.0
83,2021-12-23,910.7,1072.9767,886.12,1067.0,104781767,60.41216111683807,91.50345107018973,86.78921452632942,1022.698,902.3275,3.6911409100901302,-0.00957825679475166,0,0.0,0.0,0.0,0.0,0.0,0.0,0.0,0.0,0.0,0.0,0.0,0.0,0.0,0.0,0.0,0.0,0.0,0.0
84,2021-12-31,1073.67,1118.9999,1053.15,1056.78,91687786,59.689325954678495,90.25232949145334,87.4818375193542,1017.6700000000001,919.308,3.3098694942903757,-0.028217793675126224,0,0.0,0.0,0.0,0.0,0.0,0.0,0.0,0.0,0.0,0.0,0.0,0.0,0.0,0.0,0.0,0.0,0.0,0.0
85,2022-01-07,1147.75,1208.0,1010.0,1026.96,153185108,57.52648702005726,85.86478603812463,87.15842722310829,1020.068,936.643,3.2679743994680406,0.02205538677261032,1,0.0,0.0,0.0,0.0,0.0,0.0,0.0,0.0,0.0,0.0,0.0,0.0,0.0,0.0,0.0,0.0,0.0,0.0
86,2022-01-14,1000.0,1115.6,980.0,1049.61,136822673,58.74914697623714,83.25557352012493,86.37785648251163,1026.584,953.5275000000001,3.3349027381984877,-0.10071359838416172,0,0.0,0.0,0.0,0.0,0.0,0.0,0.0,0.0,0.0,0.0,0.0,0.0,0.0,0.0,0.0,0.0,0.0,0.0
87,2022-01-21,1026.605,1070.7899,940.5,943.9,104996884,51.32346979038361,71.82983068100702,83.46825132221072,1028.85,964.0439999999999,3.0785550706477114,-0.10334781226824874,0,0.0,0.0,0.0,0.0,0.0,0.0,0.0,0.0,0.0,0.0,0.0,0.0,0.0,0.0,0.0,0.0,0.0,0.0
88,2022-01-28,904.76,987.69,792.01,846.35,208578950,45.596066521083046,54.277697907555535,77.63014063927969,984.72,969.5480000000001,2.4142159828956395,0.09094346310627999,1,0.0,0.0,0.0,0.0,0.0,0.0,0.0,0.0,0.0,0.0,0.0,0.0,0.0,0.0,0.0,0.0,0.0,0.0
89,2022-02-04,872.71,943.7,862.05,923.32,132282831,50.308079036835316,46.04753464735802,71.31361944089535,958.028,977.7395,2.5933839268340146,-0.06857860763332324,0,0.0,0.0,0.0,0.0,0.0,0.0,0.0,0.0,0.0,0.0,0.0,0.0,0.0,0.0,0.0,0.0,0.0,0.0
90,2022-02-11,923.79,947.77,850.7,860.0,103251907,46.722906288328694,34.02347471817336,63.855590496350956,924.6360000000001,982.0200000000001,1.6209124432389603,-0.0035116279069766776,0,0.0,0.0,0.0,0.0,0.0,0.0,0.0,0.0,0.0,0.0,0.0,0.0,0.0,0.0,0.0,0.0,0.0,0.0
91,2022-02-18,861.57,926.4299,837.61,856.98,100126871,46.552507637334465,23.97427135806379,55.87932666869352,886.11,986.108,1.7352462417414065,-0.05497211136782654,0,0.0,0.0,0.0,0.0,0.0,0.0,0.0,0.0,0.0,0.0,0.0,0.0,0.0,0.0,0.0,0.0,0.0,0.0
92,2022-02-25,834.13,856.7338,700.0,809.87,129603556,43.865025806129225,12.069690134524421,47.11739936185971,859.3040000000001,987.327,1.402177137094382,0.03509205181078445,1,0.0,0.0,0.0,0.0,0.0,0.0,0.0,0.0,0.0,0.0,0.0,0.0,0.0,0.0,0.0,0.0,0.0,0.0
93,2022-03-04,815.01,889.88,814.7075,838.29,125740178,45.8943017889163,4.872315214263949,38.66838253234056,857.692,987.0899999999999,1.3803560780304962,-0.051223323670805954,0,-0.03007,-0.007287124999999998,0.15469924999999998,0.09546120833333334,0.15178566666666668,0.4699440833333333,0.5233134166666666,0.006604958333333333,0.037202375,0.11011900000000001,0.0233135,0.013209916666666667,0.3346259166666667,0.08581345833333333,0.04166658333333333,0.068452375,0.07368883333333333,0.0
94,2022-03-11,856.3,866.14,782.17,795.35,112587689,43.3447339092665,-4.247591805476077,30.085187664777234,832.098,981.3734999999999,1.3881515733845782,0.1383541836927138,1,-0.06217239428571429,-0.02491777714285714,0.26152738,0.07824814857142857,0.12197956857142858,0.33689092857142855,0.6387414628571428,0.0022645571428571427,0.03036055142857143,0.06602721142857143,0.020789122857142857,0.011990751428571427,0.13842288,0.07474148285714285,0.008013182857142857,0.047360542857142855,0.055300385714285714,0.0027174685714285714
95,2022-03-18,780.61,907.85,756.04,905.39,129644892,50.87610175827764,-2.566292840252686,23.55489156377125,841.176,970.9429999999999,1.74410498878584,0.1162482466119572,1,-0.07042229467084639,-0.0531498275862069,0.2995431159874608,0.15651916927899687,0.1263695893416928,0.363510053291536,0.6399536896551724,0.002962128526645768,0.04272278996865204,0.08248245768025078,0.0155545736677116,0.012119141065830721,0.13692973354231974,0.06654723510971787,0.0011751630094043888,0.02636960501567398,0.0825051724137931,0.0004969247648902821
96,2022-03-25,914.98,1040.7,907.09,1010.64,145219138,56.792398413454066,7.176221082247139,20.279157467466426,871.908,960.3705,2.0088421804757512,0.0731714557112324,1,-0.016147187050359713,0.007912215827338129,0.3015835215827338,0.10149697122302158,0.11241005035971223,0.44108093165467627,0.6526977985611511,0.0022808489208633095,0.038249392086330936,0.06492804316546763,0.027218226618705037,0.01303806834532374,0.16306578417266188,0.05431653237410072,0.0077636690647482,0.05017985251798561,0.039045924460431654,0.0028510611510791364
97,2022-04-01,1065.1,1114.77,1053.6,1084.59,113080628,60.40102405966837,20.626609812613196,20.348647936495784,926.8520000000001,962.9290000000001,2.0262842155194063,-0.05449063701490875,0,-0.04974604906542056,-0.047745214953271026,0.33972592523364487,0.07113153037383178,0.12780370093457943,0.4127817172897197,0.6504672429906543,0.008460647196261682,0.035280369158878506,0.05872273130841121,0.02301402336448598,0.010739792056074764,0.13154606308411215,0.07040496261682243,0.00583657476635514,0.03430685046728972,0.057797443925233644,0.002962971962616822
98,2022-04-08,1089.38,1152.87,1021.5401,1025.49,128187848,56.35048072461734,26.215072666175047,21.521932882431635,964.292,957.3504999999999,1.5283907394166523,-0.039483563954792356,0,-0.04974604906542056,-0.047745214953271026,0.33972592523364487,0.07113153037383178,0.12780370093457943,0.4127817172897197,0.6504672429906543,0.008460647196261682,0.035280369158878506,0.05872273130841121,0.02301402336448598,0.010739792056074764,0.13154606308411215,0.07040496261682243,0.00583657476635514,0.03430685046728972,0.057797443925233644,0.002962971962616822
99,2022-04-14,980.4,1026.24,973.097,985.0,79625639,53.69380736595134,27.064779201972215,22.63050214633975,1002.222,952.5045,1.2886751243087504,0.0203553299492385,1,0.0,0.0,0.0,0.0,0.0,0.0,0.0,0.0,0.0,0.0,0.0,0.0,0.0,0.0,0.0,0.0,0.0,0.0
100,2022-04-22,989.03,1092.22,973.41,1005.05,113841457,54.829464052587284,29.021503363044417,23.908702389680684,1022.1539999999999,952.0084999999999,1.2686846798040676,-0.1336152430227352,0,-0.09755884108527131,-0.059035410852713174,0.2840131124031008,0.11774037596899224,0.17975263565891472,0.3810639341085271,0.5661867364341086,0.0030720736434108526,0.04545035658914729,0.10946841472868218,0.053912879844961244,0.005957612403100775,0.2645124224806201,0.030334073643410852,0.09539440697674419,0.014894790697674418,0.025659759689922478,0.0024576589147286823
101,2022-04-29,978.97,1008.62,821.7,870.76,164154275,46.58813436921476,19.511227382539232,23.029207388252395,994.1780000000001,944.695,0.821102164592701,-0.005868436767880958,0,-0.09755884108527131,-0.059035410852713174,0.2840131124031008,0.11774037596899224,0.17975263565891472,0.3810639341085271,0.5661867364341086,0.0030720736434108526,0.04545035658914729,0.10946841472868218,0.053912879844961244,0.005957612403100775,0.2645124224806201,0.030334073643410852,0.09539440697674419,0.014894790697674418,0.025659759689922478,0.0024576589147286823
102,2022-05-06,860.77,955.5,843.105,865.65,128677405,46.30293163438172,11.430170960405121,20.70940010268294,950.39,941.3489999999999,0.6956904995102839,-0.11096863628487252,0,-0.06929508888888888,-0.05921765277777778,0.28728438611111107,0.10930543333333333,0.2098147777777778,0.3986828944444445,0.6070369944444445,0.0026419833333333332,0.023009258333333334,0.07337960555555555,0.026620372222222223,0.018766938888888886,0.181864375,0.03606480833333333,0.012081941666666667,0.024074077777777775,0.07775509166666666,0.0030478972222222223
103,2022-05-13,836.45,845.63,680.0,769.59,168299966,41.197258075175085,-2.6943053926676157,16.028659003612834,899.21,926.4784999999999,0.36254027831875635,-0.13733286555178736,0,-0.1126715726744186,-0.09715267441860466,0.30726614825581394,0.1311015784883721,0.15748889244186046,0.3589744854651163,0.6562776424418605,0.0013824331395348838,0.015337758720930234,0.0742040203488372,0.02081256395348837,0.017306148255813954,0.14400505523255813,0.040919145348837206,0.012345688953488372,0.034959848837209304,0.05790459011627907,0.0032076686046511624
104,2022-05-20,767.16,769.76,633.0,663.9,163138813,36.43668329283389,-22.16089734572836,8.390747733744597,834.99,906.8344999999999,0.020489724395529985,0.14419340262087665,1,-0.1126715726744186,-0.09715267441860466,0.30726614825581394,0.1311015784883721,0.15748889244186046,0.3589744854651163,0.6562776424418605,0.0013824331395348838,0.015337758720930234,0.0742040203488372,0.02081256395348837,0.017306148255813954,0.14400505523255813,0.040919145348837206,0.012345688953488372,0.034959848837209304,0.05790459011627907,0.0032076686046511624
105,2022-05-27,655.02,759.8,620.57,759.63,155144601,42.875583589934784,-29.523373692477207,0.8079234485002358,785.906,893.4680000000001,0.015453099308888163,-0.07382541500467343,0,-0.08125517049180328,-0.06881961639344261,0.297542531147541,0.10681083934426229,0.20334111147540984,0.4340796459016394,0.6090788098360655,0.006157918032786884,0.016182668852459017,0.05126462950819672,0.024707262295081966,0.008605396721311475,0.13968431475409834,0.0668930393442623,0.0190522,0.028532393442622952,0.05981575081967214,0.0020789377049180327
106,2022-06-03,773.84,792.63,700.2534,703.55,128343063,40.30011607520643,-39.42886514713814,-7.23943427062744,752.4639999999999,876.165,-0.12059547766958745,-0.009750550778196199,0,-0.11436991538461538,-0.11863404871794872,0.3416578333333333,0.11441694615384615,0.14233207692307692,0.32381295384615383,0.6647679692307692,0.0024387538461538463,0.025195364102564104,0.06955432051282051,0.022460320512820514,0.010430217948717948,0.1126784358974359,0.05818679487179487,0.008339135897435897,0.017503051282051284,0.04636807435897436,0.0016258358974358975
107,2022-06-10,733.06,766.6399,683.74,696.69,142601983,39.983720769064234,-47.28748249597925,-15.249043915697802,718.672,863.8045,-0.22675915649278577,-0.06661499375619007,0,-0.2536835,-0.18573325,0.28232,0.0,0.1875,0.2484825,0.52083325,0.0,0.0,0.08333325,0.0625,0.03962975,0.1239665,0.14583325,0.0,0.0,0.0,0.0
108,2022-06-17,669.5,706.9899,626.08,650.28,173306821,37.820394963236495,-56.60785241320821,-23.520805615199883,694.8100000000001,854.0009999999999,-0.026512372939714757,0.13354247401119523,1,-0.09332234223300971,-0.07134957766990291,0.2650240873786408,0.15625769417475727,0.19005427427184468,0.42325659708737867,0.5808309611650485,0.0023085291262135922,0.031195089805825246,0.09401869417475729,0.04021612621359224,0.011677002427184465,0.12238545145631068,0.04256240533980582,0.01627908980582524,0.021122276699029125,0.06967105097087378,0.0034627936893203886
109,2022-06-24,673.81,740.5,673.0,737.12,141431196,43.933160400321725,-56.33762539778127,-30.08416957171616,709.454,844.691,0.04781941206573026,-0.07506240503581507,0,-0.08276473986486486,-0.06676657770270271,0.31864588175675673,0.11313772297297296,0.10155242567567568,0.3375049797297297,0.7085343918918919,0.002677685810810811,0.03798261824324325,0.06180017905405406,0.019063702702702703,0.012687881756756756,0.09146130067567566,0.04085423648648649,0.012328314189189189,0.030212351351351353,0.0772418277027027,0.0010710743243243243
110,2022-07-01,748.1,756.21,656.59,681.79,143934321,41.156913367100564,-59.897674027885046,-36.04687046294994,693.8860000000001,835.7805000000001,0.24728330467234994,0.1034042740433272,1,-0.08276473986486486,-0.06676657770270271,0.31864588175675673,0.11313772297297296,0.10155242567567568,0.3375049797297297,0.7085343918918919,0.002677685810810811,0.03798261824324325,0.06180017905405406,0.019063702702702703,0.012687881756756756,0.09146130067567566,0.04085423648648649,0.012328314189189189,0.030212351351351353,0.0772418277027027,0.0010710743243243243
111,2022-07-08,669.0,764.9399,648.5001,752.29,113472506,45.852175108004445,-56.3803597178196,-40.11356831392388,703.634,830.5459999999999,0.7596192080087947,-0.04265642239030154,0,-0.07890518518518519,-0.07559993333333333,0.3108104,0.11875388148148147,0.1258818148148148,0.3500834333333333,0.6401410592592592,0.0005871074074074074,0.029770725925925924,0.09569663703703704,0.02575838148148148,0.010546792592592592,0.11690527777777777,0.050079351851851854,0.01223928148148148,0.03267195185185185,0.03800392962962963,0.0034996999999999997
112,2022-07-15,756.31,759.19,675.1,720.2,144545065,44.12623194987039,-55.54200395104101,-43.199255441347304,708.336,826.0625,0.40018663970759794,0.13403221327409054,1,0.04561959540229885,0.04651840229885058,0.24605342988505746,0.143581091954023,0.19542963448275863,0.34957619540229884,0.6207169793103449,0.002901050574712644,0.01979747816091954,0.07523807356321838,0.02021893333333333,0.01064614252873563,0.1650751448275862,0.03860973333333333,0.04278177931034483,0.029989045977011495,0.044608183908045974,0.003994285057471264
113,2022-07-22,734.81,842.36,710.93,816.73,165932217,50.19894003611005,-46.5518163394504,-43.86976762096793,741.626,824.9844999999999,0.701485385721131,0.09148678265767152,1,0.04561959540229885,0.04651840229885058,0.24605342988505746,0.143581091954023,0.19542963448275863,0.34957619540229884,0.6207169793103449,0.002901050574712644,0.01979747816091954,0.07523807356321838,0.02021893333333333,0.01064614252873563,0.1650751448275862,0.03860973333333333,0.04278177931034483,0.029989045977011495,0.044608183908045974,0.003994285057471264
114,2022-07-29,816.65,894.96,768.79,891.45,133013375,54.33613818956775,-33.01714722678594,-41.699243542131526,772.492,829.7894999999999,0.5557591623036651,-0.030220427393572336,0,0.09596377142857142,0.0819119857142857,0.22353496666666667,0.16710161904761905,0.16541947142857144,0.38685720476190477,0.6441496238095238,0.008999228571428571,0.02280044761904762,0.05827662857142857,0.03256235714285714,0.0060093190476190475,0.26934576666666665,0.04534012380952381,0.008914142857142857,0.031451242857142854,0.03820517619047619,0.0022645571428571427
115,2022-08-05,903.825,940.82,856.634,864.51,159380225,52.6382291605612,-24.185857782655376,-38.1965663902363,809.036,827.7455,0.14673228189788956,0.04115626192872268,1,0.094753769470405,0.0745632398753894,0.27013720872274144,0.1153667570093458,0.1366562585669782,0.3761383831775701,0.6592419158878505,0.006342576323987538,0.03161993457943925,0.0708722554517134,0.023727931464174457,0.010228261682242992,0.1838607507788162,0.040342666666666666,0.016912679127725854,0.037538934579439256,0.03811285981308411,0.0019753146417445483
116,2022-08-12,885.0,915.6,838.06,900.09,143447053,54.65362900900866,-14.152843457109611,-33.38782180361096,838.5959999999999,822.2180000000001,0.2412466386264911,-0.011209990112099888,0,0.07721954819277109,0.03900182530120482,0.22446510240963854,0.17954636746987954,0.13479631325301203,0.42412346987951804,0.6199368554216867,0.001909867469879518,0.02224613855421687,0.05778829518072289,0.05979632530120482,0.010722481927710845,0.2706702590361446,0.06903326506024096,0.010089060240963855,0.03640275301204819,0.04867536746987952,0.0056549638554216864
117,2022-08-19,905.36,944.0,877.5,890.0,118385794,53.95247317369275,-6.935834017356001,-28.09742424635997,872.5560000000002,812.4885,0.26903553299492367,-0.6763033707865169,0,0.10339952293577981,0.07512447706422018,0.2646100917431193,0.1098684357798165,0.15271950458715597,0.3763120825688073,0.6458387568807339,0.002880188073394495,0.027948880733944956,0.05111402293577982,0.029248577981651376,0.005061642201834862,0.1817556743119266,0.06265834862385321,0.007277495412844036,0.03047181651376147,0.04563388990825688,0.001454302752293578
118,2022-08-26,875.74,910.94,287.47,288.09,169020694,29.5763326059661,-49.21805358430288,-32.321550113948554,766.8280000000001,775.6185,-0.6484220546240024,-0.06206393835259816,0,0.10679766956521738,0.059843543478260874,0.2241186195652174,0.08731234565217391,0.14118010434782607,0.4387950195652174,0.5650931195652173,0.00445295,0.010926502173913043,0.06748447391304348,0.08165111956521738,0.008936782608695652,0.21793576086956523,0.05418736304347826,0.012136128260869565,0.07947720217391305,0.015800197826086958,0.005064476086956522
119,2022-09-02,282.83,288.48,266.15,270.21,249374939,29.154940508454914,-83.21058397340039,-42.49935688583892,642.5799999999999,739.879,-0.6618867074589887,0.10906332112061001,1,0.10679766956521738,0.059843543478260874,0.2241186195652174,0.08731234565217391,0.14118010434782607,0.4387950195652174,0.5650931195652173,0.00445295,0.010926502173913043,0.06748447391304348,0.08165111956521738,0.008936782608695652,0.21793576086956523,0.05418736304347826,0.012136128260869565,0.07947720217391305,0.015800197826086958,0.005064476086956522
120,2022-09-09,272.675,299.85,265.74,299.68,213818141,30.902381226434855,-106.54375639821001,-55.30823678831314,529.614,704.6105,-0.6331407305846636,0.01224639615589962,1,0.0982296024590164,0.0822761762295082,0.27051763524590167,0.12376483196721312,0.13709013934426229,0.33463807786885247,0.6931010614754098,0.0,0.01830601229508197,0.06161200819672131,0.017896176229508197,0.01605401229508197,0.16186978278688524,0.045901631147540985,0.009374094262295081,0.02609289344262295,0.03457460655737705,0.004522286885245901
121,2022-09-16,300.72,309.12,290.4,303.35,341416185,31.13020146703549,-123.31779454986179,-68.91014834062287,410.26599999999996,676.24,-0.6367065868263473,-0.09236855117850684,0,0.0932642647975078,0.09513646417445483,0.2740448224299066,0.18110027414330218,0.16711167289719628,0.36499931775700933,0.6609849781931464,0.002469143302180685,0.025990199376947038,0.05298916822429907,0.017267467289719625,0.01753231464174455,0.13907223987538941,0.055585199376947045,0.010571791277258567,0.020071205607476637,0.03171130218068536,0.0033818380062305294
122,2022-09-23,300.09,313.8,272.82,275.33,318285640,30.30856197314783,-137.28972991597232,-82.58606465569275,287.332,646.7239999999999,-0.6891244947270962,-0.03661061271928223,0,0.10597775490196078,0.08523275490196078,0.25230028431372553,0.17959022549019607,0.12672732352941177,0.3652864117647059,0.6618580294117646,0.0015541078431372548,0.02803453921568628,0.056139098039215685,0.04274042156862745,0.02758735294117647,0.18666670588235293,0.03914564705882353,0.0,0.04535480392156863,0.02287299019607843,0.0015541078431372548
123,2022-09-30,271.83,289.0,262.47,265.25,320014147,30.001784443446184,-147.4759501610336,-95.56404175676093,282.764,621.507,-0.7163950902403557,-0.1590197926484449,0,0.04598551152073733,0.053199755760368665,0.2888461382488479,0.1389882811059908,0.16082945622119815,0.43012992626728114,0.6201228479262673,0.00873747926267281,0.029339474654377883,0.0675883133640553,0.04032257142857143,0.03598667281105991,0.13555562211981567,0.05238094930875576,0.005626451612903226,0.029416281105990785,0.020492594470046085,0.003623963133640553
124,2022-10-07,254.5,257.5,222.02,223.07,448139986,28.693009293204028,-157.14075576430355,-107.87938455826945,273.336,599.4655,-0.7771305824757718,-0.08105079123145198,0,0.07215082857142857,0.07098900408163265,0.2844443795918367,0.12475683469387755,0.16604466734693876,0.37634466326530613,0.6579494244897959,0.0028989306122448977,0.022439261224489797,0.08427597551020409,0.0252964,0.00961066530612245,0.09983902244897959,0.02910591836734694,0.01796865918367347,0.014888236734693878,0.014845371428571428,0.004192963265306123
125,2022-10-14,223.93,226.99,204.16,204.99,397406475,28.12662383668831,-164.36439826527794,-119.17638729967116,254.398,571.7335,-0.7864109029528831,0.04609980974681682,1,0.07215082857142857,0.07098900408163265,0.2844443795918367,0.12475683469387755,0.16604466734693876,0.37634466326530613,0.6579494244897959,0.0028989306122448977,0.022439261224489797,0.08427597551020409,0.0252964,0.00961066530612245,0.09983902244897959,0.02910591836734694,0.01796865918367347,0.014888236734693878,0.014845371428571428,0.004192963265306123
126,2022-10-21,210.04,229.82,202.0,214.44,415404010,28.916434986647957,-167.39700252370199,-128.82051034447733,236.61599999999999,547.278,-0.8225803782701504,0.06565939190449543,1,0.04370637376237623,0.050346517326732676,0.3157569306930693,0.17397635396039604,0.1499469405940594,0.3915619504950495,0.5928512103960396,0.006624351485148514,0.05543376237623763,0.08757070544554456,0.057620220297029706,0.008121930693069306,0.4185229133663366,0.03212517821782178,0.009311913366336634,0.024451908415841585,0.013358398514851485,0.005085524752475248
127,2022-10-28,205.82,233.81,198.5863,228.52,413072923,30.148089863977802,-166.7421254894336,-136.4048333734686,227.254,523.8695,-0.852057100313987,-0.09211447575704534,0,0.06877975735294117,0.044132261029411764,0.2974155882352941,0.09761122058823529,0.15785187132352943,0.3360839558823529,0.6708420551470589,0.0023311617647058824,0.018881301470588235,0.06569501102941178,0.026479341911764705,0.027397139705882353,0.2715052536764706,0.043207275735294114,0.008109955882352941,0.017043066176470587,0.03424261397058823,0.001748371323529412
128,2022-11-04,226.19,237.3951,203.08,207.47,342474516,29.329880853418047,-166.00805230885936,-142.32547716054674,215.698,501.729,-0.8617640787825485,-0.05542970067961628,0,0.06877975735294117,0.044132261029411764,0.2974155882352941,0.09761122058823529,0.15785187132352943,0.3360839558823529,0.6708420551470589,0.0023311617647058824,0.018881301470588235,0.06569501102941178,0.026479341911764705,0.027397139705882353,0.2715052536764706,0.043207275735294114,0.008109955882352941,0.017043066176470587,0.03424261397058823,0.001748371323529412
129,2022-11-11,208.65,208.9,177.12,195.97,596889173,28.868918566288286,-164.45847301001794,-146.75207633044099,210.27800000000002,474.67150000000004,-0.8617007762879323,-0.08052252895851408,0,0.053103889196675906,0.057451307479224376,0.30020019667590025,0.11619735180055402,0.1388536897506925,0.37287230470914123,0.6891768559556787,0.0036475484764542936,0.015723515235457064,0.06383060941828256,0.029389260387811634,0.014349168975069252,0.1770137506925208,0.027357864265927977,0.005129019390581717,0.035668119113573406,0.04673852077562327,0.003073775623268698
130,2022-11-18,192.77,200.8237,176.55,180.19,390472869,28.21366639941914,-162.62904794101092,-149.92747065255497,205.31800000000004,449.5915,-0.874059940171657,0.014817692435762364,1,0.07094465406976744,0.04975870930232558,0.30854044767441857,0.10646099709302326,0.10988370058139535,0.27180000872093024,0.7172964825581395,0.0,0.020397287790697674,0.05547479651162791,0.025096898255813956,0.016817162790697674,0.14764550872093024,0.049563938953488366,0.003576116279069767,0.02228681395348837,0.04391955523255814,0.0018252354651162787
131,2022-11-25,175.85,185.2,166.185,182.86,331544487,28.509342476583285,-159.12942376511074,-151.76786127506614,199.002,421.12000000000006,-0.8741249113725382,0.06562397462539638,1,0.07094465406976744,0.04975870930232558,0.30854044767441857,0.10646099709302326,0.10988370058139535,0.27180000872093024,0.7172964825581395,0.0,0.020397287790697674,0.05547479651162791,0.025096898255813956,0.016817162790697674,0.14764550872093024,0.049563938953488366,0.003576116279069767,0.02228681395348837,0.04391955523255814,0.0018252354651162787
132,2022-12-02,179.96,198.92,178.75,194.86,439273798,29.90669385612135,-153.6168472880937,-152.13765847767166,192.27,394.853,-0.8819538259294485,-0.08113517397105618,0,0.06157910041841004,0.06515802928870293,0.2894103138075314,0.1159881589958159,0.1626917280334728,0.313568669456067,0.648744719665272,0.008469849372384937,0.01980473640167364,0.06317989539748954,0.019874472803347278,0.012155778242677825,0.1552991841004184,0.05453275313807531,0.005460811715481172,0.031171543933054394,0.026871066945606693,0.0013265188284518829
133,2022-12-09,189.44,191.27,169.06,179.05,471983601,29.099682051080975,-148.80845435267466,-151.47181765267226,186.586,362.969,-0.9126576844652143,-0.1609606255235969,0,0.048900320359281435,0.035534562874251496,0.3240556736526946,0.12845405389221556,0.10105501497005988,0.3413637754491018,0.7017037125748503,0.0004746077844311377,0.02375962275449102,0.0726119131736527,0.01617479640718563,0.0065703173652694605,0.13428293113772455,0.06168376946107784,0.004641470059880239,0.02301111976047904,0.02585015868263473,0.005676745508982036
134,2022-12-16,176.1,177.37,150.04,150.23,687706165,27.635722441507596,-145.64440342774327,-150.30633480768648,177.43800000000002,325.908,-0.9321270443661336,-0.18025693935964848,0,0.06515120567375887,0.010584432624113477,0.2844101985815603,0.14065572340425533,0.10545421276595746,0.3118865744680851,0.7407969929078014,0.003372744680851064,0.017038156028368796,0.04576156028368794,0.02661262411347518,0.012496907801418438,0.104384695035461,0.036068886524822694,0.004863262411347518,0.028267468085106384,0.016390028368794326,0.0011242482269503546
135,2022-12-23,154.0,155.25,121.02,123.15,821451251,26.29701208317846,-143.6659087893754,-148.97824960402428,166.03000000000003,288.84,-0.7056081468732072,0.00024360535931799987,1,0.04520836656891496,0.026416873900293254,0.350439064516129,0.16020883284457477,0.12849460117302053,0.4372637624633431,0.6653958563049853,0.022113686217008797,0.041006844574780064,0.055669586510263935,0.04560117008797654,0.004791211143695014,0.13812284164222874,0.04178884750733138,0.004752636363636363,0.02204300879765396,0.03666760117302052,0.0018594604105571847
136,2022-12-30,117.495,124.48,108.24,123.18,809414633,26.301271332626655,-140.47619465630234,-147.2778386144799,154.094,249.99449999999996,-0.6695106245975531,-0.08215619418736808,0,0.046894890109890106,0.026173293956043956,0.30034417307692307,0.12274908241758242,0.11795523626373627,0.5078199038461538,0.6182299340659341,0.006648909340659341,0.055409464285714284,0.08320248626373626,0.0341182554945055,0.008760260989010988,0.11442031318681319,0.06818417582417582,0.004891192307692308,0.022900307692307696,0.03526112087912088,0.0034839340659340657
137,2023-01-06,118.47,118.8,101.81,113.06,790689169,25.76046030158193,-137.18355600895103,-145.25898209337413,137.734,211.14749999999998,-0.7442949225376003,0.08261100300725288,1,0.046894890109890106,0.026173293956043956,0.30034417307692307,0.12274908241758242,0.11795523626373627,0.5078199038461538,0.6182299340659341,0.006648909340659341,0.055409464285714284,0.08320248626373626,0.0341182554945055,0.008760260989010988,0.11442031318681319,0.06818417582417582,0.004891192307692308,0.022900307692307696,0.03526112087912088,0.0034839340659340657
138,2023-01-13,118.96,125.95,114.92,122.4,891852239,27.24731615184983,-132.29543677232024,-142.66627302916336,126.404,202.863,-0.6995139195757843,0.090032679738562,1,0.05328505357142857,0.029721203571428573,0.36001821785714283,0.1637760357142857,0.09950678928571428,0.4464411607142857,0.6386139,0.0033747107142857143,0.045935364285714285,0.10397105714285715,0.028792514285714287,0.014093592857142857,0.22621792142857142,0.04343537142857143,0.0035510392857142853,0.0397449,0.01662395714285714,0.004506989285714286
139,2023-01-20,125.695,136.68,124.3082,133.42,691307319,29.052778310002438,-126.07898509949186,-139.34881544322906,123.042,196.0235,-0.678575730564456,0.3333833008544447,1,0.08446633640552995,0.04310301152073733,0.32330685253456226,0.09306309907834101,0.09580314285714285,0.4307040368663595,0.6755650230414747,0.0032872603686635946,0.027984417050691244,0.11335305529953917,0.03766183179723502,0.007269610599078341,0.24022067741935485,0.029213290322580646,0.00641236866359447,0.020419129032258065,0.018081175115207373,0.004354465437788019
140,2023-01-27,135.87,180.68,134.27,177.9,1095958317,35.96079201661745,-116.22348609542985,-134.7237495736692,133.99200000000002,189.9345,-0.5900921658986176,0.06790331646992676,1,0.08446633640552995,0.04310301152073733,0.32330685253456226,0.09306309907834101,0.09580314285714285,0.4307040368663595,0.6755650230414747,0.0032872603686635946,0.027984417050691244,0.11335305529953917,0.03766183179723502,0.007269610599078341,0.24022067741935485,0.029213290322580646,0.00641236866359447,0.020419129032258065,0.018081175115207373,0.004354465437788019
141,2023-02-03,178.05,199.0,162.78,189.98,1091608981,37.73398382678645,-106.21381039600314,-129.021761738136,147.352,184.26600000000002,-0.5679032001273683,0.03637224971049591,1,0.08854089877300612,0.06424520858895705,0.3175124417177914,0.13305974233128834,0.10097865337423313,0.36969274846625766,0.7208661656441718,0.0014587638036809816,0.030426524539877303,0.04254308282208589,0.02454718098159509,0.00811870245398773,0.25295581901840486,0.05077415950920245,0.004228665644171779,0.0298641472392638,0.03177456134969325,0.004862546012269938
142,2023-02-10,193.01,214.0,189.55,196.89,973057671,38.77825021407553,-96.60983302014458,-122.53937599453772,164.118,180.344,-0.5319164110976393,0.058001930011681635,1,0.10510960641399418,0.10871525655976676,0.3361980174927114,0.09909550437317785,0.13050114285714287,0.3888803965014577,0.6821046326530613,0.0009243090379008746,0.0316673498542274,0.0481396472303207,0.026856860058309038,0.006417422740524782,0.22850325655976675,0.04036511078717201,0.0036763527696793002,0.0403651195335277,0.009785795918367347,0.0027027725947521863
143,2023-02-17,194.415,217.65,187.61,208.31,1014364828,40.55270547275556,-87.07338541204862,-115.4461778780399,181.3,177.497,-0.4631738995979796,-0.0548701454562911,0,0.12401849999999999,0.09890613636363636,0.27714670454545454,0.08858175,0.15984843181818184,0.28873054545454546,0.6674241818181819,0.0,0.02348484090909091,0.056818159090909086,0.012121204545454546,0.0036027045454545452,0.12073890909090909,0.053030272727272725,0.0024586136363636364,0.02727272727272727,0.08398227272727272,0.0
144,2023-02-24,204.99,209.71,191.78,196.88,660435100,39.32418100160199,-79.52131523006977,-108.26120534844588,193.992,176.1875,-0.5420862891033842,0.004622104835432683,1,0.09467968468468468,0.09654957657657658,0.3261116396396396,0.12061222522522523,0.16700984234234234,0.3409096396396396,0.6448626801801802,0.008913950450450452,0.030598450450450454,0.046364211711711706,0.023841698198198195,0.011136585585585586,0.19762113963963965,0.043961806306306306,0.003537981981981982,0.04336121621621621,0.011932945945945945,0.002856198198198198
145,2023-03-03,202.03,211.23,186.01,197.79,807198448,39.481373886218805,-72.62563272019946,-101.13409082279661,197.96999999999997,175.82750000000001,-0.5158139534883721,-0.12311036958390209,0,0.07991224089068825,0.08718954655870445,0.37736796356275304,0.11944394129554656,0.0882639048582996,0.37757305870445346,0.7269953360323886,0.006924508097165992,0.03158376113360324,0.06667147368421052,0.029053392712550606,0.010318842105263158,0.18606609919028338,0.037352985829959516,0.00215548987854251,0.020079046558704457,0.017149303643724696,0.0057634554655870435
146,2023-03-10,198.54,198.6,168.44,173.44,789636325,36.73864648558123,-68.33784006750682,-94.57484067173866,194.66199999999998,173.7775,-0.6457588693041401,0.03857241697416969,1,0.07991224089068825,0.08718954655870445,0.37736796356275304,0.11944394129554656,0.0882639048582996,0.37757305870445346,0.7269953360323886,0.006924508097165992,0.03158376113360324,0.06667147368421052,0.029053392712550606,0.010318842105263158,0.18606609919028338,0.037352985829959516,0.00215548987854251,0.020079046558704457,0.017149303643724696,0.0057634554655870435
147,2023-03-17,167.455,186.2199,163.91,180.13,712075329,38.01274965498695,-63.666004341693395,-88.39307340572961,191.31,171.358,-0.6924849767822999,0.057069893965469465,1,0.07539539772727272,0.062214323863636366,0.28869568181818184,0.09670282386363636,0.13693179545454545,0.38201232954545455,0.6956439147727272,0.004503380681818181,0.017045460227272727,0.08958331818181818,0.012878801136363638,0.014505829545454546,0.15068835795454547,0.015151522727272727,0.001766153409090909,0.03276516477272728,0.02012925568181818,0.0035675056818181812
148,2023-03-24,178.08,200.66,176.35,190.41,694177636,40.012066824765235,-58.46013869506817,-82.40648646359733,187.73,170.505,-0.6821414262820513,0.08954361640670139,1,0.09366970333333334,0.10108826,0.29143266333333334,0.12374578666666668,0.12980949333333333,0.3668367166666667,0.69508726,0.00156454,0.02103174,0.08692061,0.015920636666666665,0.009755016666666666,0.13244087666666668,0.025587296666666665,0.0014278166666666667,0.025642853333333333,0.023746363333333333,0.0
149,2023-03-31,194.415,207.79,185.43,207.46,623640604,43.279703543325674,-52.35514266201341,-76.39621770328056,189.846,171.0795,-0.6598960638698995,-0.10797262122818863,0,0.07871546753246753,0.06888204761904762,0.2830402813852814,0.07262145021645022,0.16966600432900433,0.33418207792207794,0.6387857662337663,0.008050129870129869,0.011440935064935065,0.09282618614718614,0.030272103896103894,0.01406730735930736,0.17369040692640692,0.025510199134199135,0.002500177489177489,0.03149865800865801,0.015755463203463202,0.0046994372294372295
150,2023-04-06,199.91,202.6897,179.74,185.06,553750170,40.18286154620381,-48.762280896377746,-70.8694303419,187.3,171.323,-0.733726618705036,-0.0003242191721604115,0,0.0,0.0,0.0,0.0,0.0,0.0,0.0,0.0,0.0,0.0,0.0,0.0,0.0,0.0,0.0,0.0,0.0,0.0
151,2023-04-14,179.94,191.5846,176.11,185.0,617553456,40.17456926702439,-45.39645152562187,-65.77483457864437,189.612,171.43,-0.7204466808709975,-0.1076756756756756,0,0.08906018784530385,0.05603854419889503,0.3003768701657459,0.09169917403314917,0.12788079281767956,0.31476195580110494,0.6856616215469613,0.0017515911602209945,0.025440668508287294,0.07240197790055249,0.0292159861878453,0.008285030386740331,0.2031464834254144,0.03579977900552486,0.0013136933701657458,0.023599046961325965,0.0214982182320442,0.002610273480662983
152,2023-04-21,186.32,189.69,160.56,165.08,668486597,37.4140514148283,-43.83112707245843,-61.38609307740719,186.602,169.94099999999997,-0.7660662916093924,-0.00466440513690336,0,0.07456166666666668,0.04083307017543859,0.2682492105263158,0.15776091228070174,0.16052630701754386,0.3875512105263158,0.6169590350877193,0.0027810350877192982,0.011403517543859648,0.09941518421052631,0.052339175438596494,0.015426254385964911,0.30127866666666664,0.03011695614035088,0.007405605263157895,0.029239763157894737,0.02059661403508772,0.0027810350877192982
153,2023-04-28,164.65,165.65,152.37,164.31,663783956,37.30733784083048,-42.16665774792921,-57.542206011511595,181.382,169.204,-0.8132883343560373,0.03499482685168287,1,0.08718048945147679,0.050129476793248945,0.3336131139240507,0.049893257383966244,0.14051633333333333,0.2758412742616034,0.682710417721519,0.006662426160337552,0.02131805907172996,0.06231663713080169,0.032007215189873414,0.011789683544303797,0.3145631265822785,0.050291324894514766,0.0032307679324894514,0.010839860759493673,0.01409729535864979,0.0026754261603375525
154,2023-05-05,163.17,170.7899,158.83,170.06,559718515,38.71310802273319,-39.92336516890566,-54.018437842990416,173.902,170.19549999999998,-0.7941560956715406,-0.012230977302128743,0,0.0638970962962963,0.0358707037037037,0.2869805,0.07585315555555555,0.11843913333333334,0.3043566962962963,0.6944885000000001,0.003433522222222222,0.020846555555555556,0.07350086666666668,0.019982359259259258,0.013360185185185185,0.27399247037037033,0.04319222592592593,0.005331814814814814,0.029550259259259262,0.011316096296296296,0.0017613222222222222
155,2023-05-12,173.72,177.38,166.56,167.98,582794740,38.3778658786201,-37.87675855948373,-50.79010198628909,170.48600000000002,172.43699999999998,-0.8015921761315317,0.07238957018692704,1,0.06717904678362573,0.033744187134502925,0.2837812923976608,0.07866176023391812,0.10565298830409357,0.2968673157894737,0.6860623333333333,0.0009270116959064327,0.02163742105263158,0.07348926315789474,0.02573098830409357,0.008306877192982455,0.24241302339181287,0.018031181286549708,0.0018540233918128654,0.06939569590643276,0.011676801169590642,0.0036718187134502918
156,2023-05-19,167.655,181.95,164.35,180.14,575071860,41.56380465494005,-34.87161938048385,-47.60640546512804,169.514,175.28500000000003,-0.7729890489332476,0.07233263017652947,1,0.0674246463022508,0.056110736334405144,0.33022356913183276,0.05028837299035369,0.11953756913183279,0.2588554372990354,0.719591154340836,0.0025286173633440514,0.016054202572347267,0.06583982958199357,0.017393967845659164,0.006380627009646303,0.1609619774919614,0.036311430868167204,0.007066385852090031,0.0252717845659164,0.006003549839228296,0.0015092025723472667
157,2023-05-26,180.7,198.6,178.22,193.17,685490829,44.8539181255201,-31.080338036475553,-44.301191979397544,175.132,179.2905,-0.7733358365699401,0.1076771755448569,1,0.11395358620689655,0.09489183333333333,0.3018310948275862,0.05031797701149426,0.13996986781609194,0.29300744827586206,0.7055828850574712,0.0027152844827586205,0.017077172413793102,0.05749861494252873,0.015927747126436784,0.008741060344827585,0.185841316091954,0.040640382183908044,0.0036990402298850574,0.023303227011494253,0.015949522988505747,0.0013665431034482758
158,2023-06-02,200.1,217.25,195.12,213.97,590603323,49.72049451045109,-26.0965097693867,-40.66025553739538,185.064,183.869,-0.7378204185658972,0.14221619853250456,1,0.07644244117647059,0.028682397058823528,0.3455684264705883,0.02246180882352941,0.17009801470588237,0.2423374705882353,0.7411764411764705,0.0023311617647058824,0.007352941176470588,0.04509801470588235,0.0058823529411764705,0.004571220588235294,0.11278916176470588,0.01813725,0.0,0.01225489705882353,0.025507867647058823,0.004662323529411765
159,2023-06-09,217.8,252.42,212.53,244.4,848497515,55.85790442557927,-19.466940502928082,-36.421592530501925,199.932,189.418,-0.6871880199667222,0.06603927986906721,1,0.1417318940809969,0.13691671651090342,0.30615926479750777,0.09819879750778816,0.15373827102803736,0.40747879750778815,0.6449116822429907,0.0029629719626168226,0.017082031152647975,0.09636549221183802,0.019210797507788164,0.009174922118380061,0.18083706853582554,0.03899272274143303,0.0014814859813084113,0.02969885046728972,0.02045211214953271,0.0014814859813084113
160,2023-06-16,247.94,263.6,244.59,260.54,811787289,58.735049264312494,-12.76346668444424,-31.68996736129039,218.44400000000002,193.55,-0.614300518134715,-0.015122438013356887,0,0.13159850777202073,0.12576432642487045,0.30775550518134714,0.14494370466321244,0.12005918393782383,0.3737843212435233,0.6954045958549223,0.0028586476683937823,0.01837527720207254,0.07882430569948187,0.02191586269430052,0.009611958549222798,0.13918231865284975,0.03258079274611399,0.00313890414507772,0.032839865284974096,0.016333056994818653,0.0012320129533678757
161,2023-06-23,261.5,276.99,248.25,256.6,721745073,57.745574192177486,-7.680306665011642,-26.88803522203464,233.73600000000002,196.881,-0.570867129358642,0.020148090413094177,1,0.13159850777202073,0.12576432642487045,0.30775550518134714,0.14494370466321244,0.12005918393782383,0.3737843212435233,0.6954045958549223,0.0028586476683937823,0.01837527720207254,0.07882430569948187,0.02191586269430052,0.009611958549222798,0.13918231865284975,0.03258079274611399,0.00313890414507772,0.032839865284974096,0.016333056994818653,0.0012320129533678757
162,2023-06-30,250.065,264.45,240.7,261.77,748633707,58.72809341639002,-3.1978273715529326,-22.149993651938303,247.45600000000005,200.125,-0.6226629956899659,0.048363066814379074,1,0.13647352650176678,0.11178544169611307,0.27429602826855126,0.1205001378091873,0.15482917314487632,0.41428958303886926,0.6289163250883392,0.017664257950530032,0.026325081272084806,0.10830385865724382,0.012485275618374557,0.01631070318021201,0.17123814487632508,0.03044757597173145,0.005932010600706714,0.03869257950530035,0.01040414487632509,0.003360826855123675
163,2023-07-07,276.49,284.25,272.88,274.43,485803346,61.112636625117574,1.3604436118868364,-17.447906199173275,259.548,203.43099999999998,-0.5809397284957319,0.025325219545967892,1,0.11726338480392157,0.1194436544117647,0.33350423284313724,0.08596545098039216,0.13386435539215688,0.3649191495098039,0.6865604240196078,0.0027196887254901957,0.015727122549019607,0.07193625980392157,0.027696073529411766,0.008787252450980393,0.13637513970588233,0.03182189215686275,0.002810330882352941,0.03239378431372549,0.008207389705882353,0.0019426348039215686
164,2023-07-14,276.47,285.3,265.1,281.38,539813729,62.39706013718897,5.470650865443474,-12.864194786249925,266.944,207.656,-0.545215044204878,-0.07591157864809162,0,0.11726338480392157,0.1194436544117647,0.33350423284313724,0.08596545098039216,0.13386435539215688,0.3649191495098039,0.6865604240196078,0.0027196887254901957,0.015727122549019607,0.07193625980392157,0.027696073529411766,0.008787252450980393,0.13637513970588233,0.03182189215686275,0.002810330882352941,0.03239378431372549,0.008207389705882353,0.0019426348039215686
165,2023-07-21,286.625,299.29,255.8,260.02,723314005,56.248009951399325,6.924623490133797,-8.90643113097318,266.84000000000003,210.7675,-0.607072157159048,0.024690408430120714,1,0.10228472027972027,0.08991681585081586,0.3409962703962704,0.08737524475524476,0.131063344988345,0.4053656783216783,0.6500998484848485,0.004774724941724941,0.03673548251748252,0.10212006993006993,0.03048062470862471,0.010202291375291375,0.40343525174825173,0.029159729603729607,0.006030079254079254,0.0203407668997669,0.012981461538461537,0.005513741258741258
166,2023-07-28,255.85,272.9,254.12,266.44,560761830,57.600466891313516,8.496999495345477,-5.425745005709449,268.808,215.41750000000002,-0.6064518034917727,-0.04721513286293344,0,0.11272648120300753,0.10764876691729323,0.2696885864661654,0.09122551127819549,0.14705509398496242,0.36678617293233085,0.6768169887218045,0.005340135338345864,0.013032578947368421,0.06704257894736843,0.025125304511278194,0.008584755639097745,0.32263333834586466,0.050751864661654135,0.0005959360902255639,0.020175436090225565,0.026151398496240603,0.0011918721804511279
167,2023-08-04,267.48,269.08,250.49,253.86,467350209,54.07320243100435,8.628553351333608,-2.614885334300838,267.226,219.10399999999998,-0.6568439265727648,-0.04415819743165528,0,0.11272648120300753,0.10764876691729323,0.2696885864661654,0.09122551127819549,0.14705509398496242,0.36678617293233085,0.6768169887218045,0.005340135338345864,0.013032578947368421,0.06704257894736843,0.025125304511278194,0.008584755639097745,0.32263333834586466,0.050751864661654135,0.0005959360902255639,0.020175436090225565,0.026151398496240603,0.0011918721804511279
168,2023-08-11,251.45,253.6511,238.02,242.65,517873700,51.07193962816511,7.739046505155244,-0.5440989664096212,260.87,221.71599999999998,-0.667329311763093,-0.11193076447558215,0,0.09314025615763546,0.07363730541871921,0.25614347783251235,0.09618484236453202,0.1631362315270936,0.3464806403940887,0.656568078817734,0.0015617635467980295,0.0224137881773399,0.07167484729064039,0.009277502463054187,0.013283935960591135,0.22554012315270935,0.04392444827586207,0.00460496551724138,0.03300491625615763,0.025138625615763546,0.0015617635467980295
169,2023-08-18,235.7,240.66,212.36,215.49,556272451,44.61129826962391,4.787335483161911,0.5221879235046853,247.692,222.1175,-0.6962533829499323,0.10719754977029083,1,0.09472301818181818,0.05865861558441558,0.29513215064935067,0.08307394545454545,0.14257882077922077,0.3830252779220779,0.6583796753246753,0.0036895480519480517,0.020414345454545454,0.059288794805194805,0.01703772207792208,0.014367093506493506,0.22757839220779222,0.056345067532467534,0.0034240857142857142,0.04595547012987013,0.03367453766233767,0.004224693506493507
170,2023-08-25,221.5512,240.82,220.58,238.59,573767855,50.36263621497477,4.262919890623948,1.270334316928538,243.406,224.794,-0.6451507354581555,0.02690808499937125,1,0.07645942156862745,0.04158699019607843,0.3208593921568627,0.06713660784313726,0.14372077450980392,0.347804362745098,0.7270541078431373,0.0015541078431372548,0.01104107843137255,0.062021450980392155,0.014799245098039215,0.011805588235294118,0.1775305392156863,0.028197931372549022,0.0035315196078431373,0.013165264705882352,0.022430411764705883,0.0
171,2023-09-01,242.58,261.18,235.35,245.01,605113105,51.85877730107333,4.3156094418762905,1.8793893419180887,239.11999999999998,227.79449999999997,-0.5845457320174993,0.014244316558507775,1,0.11994944357976654,0.10314486381322957,0.3070495252918288,0.08137220622568093,0.14128215175097278,0.3569115758754864,0.7032147042801556,0.011787933852140078,0.010542891050583657,0.054900852140077824,0.014433941634241245,0.013082268482490273,0.208513046692607,0.05088010116731517,0.00042092996108949413,0.024745225680933854,0.00767588326848249,0.0018263112840466924
172,2023-09-08,245.0,258.0,243.265,248.5,480301845,52.69353308586269,4.58611425334891,2.420734324204253,238.048,231.96549999999996,-0.5722007987880458,0.10418511066398395,1,0.2349076113537118,0.11198916812227074,0.1397354868995633,0.011662222707423581,0.07414739956331877,0.5945359934497817,0.5650498034934497,0.0010383340611353712,0.020217288209606988,0.22771356550218338,0.07614884279475984,0.005490698689956331,0.5003183165938865,0.02112704148471616,0.017615272925764192,0.015595748908296942,0.012873482532751094,0.0
173,2023-09-15,264.27,278.98,260.61,274.39,663743610,58.449402137247084,6.811083957455963,3.2988042508545954,244.39600000000002,237.4695,-0.5611304820703114,-0.10754765115346765,0,0.2349076113537118,0.11198916812227074,0.1397354868995633,0.011662222707423581,0.07414739956331877,0.5945359934497817,0.5650498034934497,0.0010383340611353712,0.020217288209606988,0.22771356550218338,0.07614884279475984,0.005490698689956331,0.5003183165938865,0.02112704148471616,0.017615272925764192,0.015595748908296942,0.012873482532751094,0.0
174,2023-09-22,271.16,273.93,244.48,244.88,575237587,50.85420420587336,6.122600575118696,3.8635635157074155,250.27399999999997,241.2105,-0.5912194307653784,0.021806599150604455,1,0.1056709079497908,0.10093008368200837,0.2709126443514644,0.10294330125523013,0.13298463179916317,0.34733330543933055,0.6901673221757323,0.004590974895397489,0.01917712970711297,0.07510458158995817,0.021548112970711297,0.024723786610878658,0.10326548535564854,0.037517418410041845,0.0030756987447698742,0.023500690376569038,0.007473334728033473,0.0006632594142259414
